,Case_ID,Date,Mafia_Organisation,Status
0,CA0,02/05/2001,Cosa Nostra,Trial
1,CA1,16/03/2018,'Ndrangheta,On-going
2,CA2,02/09/2003,Camorra,On-going
3,CA3,08/06/2011,Sacra Corona Unita,Trial
4,CA4,14/10/2006,Cosa Nostra,On-going
5,CA5,13/11/2003,'Ndrangheta,On-going
6,CA6,10/12/2004,Sacra Corona Unita,On-going
7,CA7,25/11/2006,'Ndrangheta,On-going
8,CA8,03/11/2003,Cosa Nostra,On-going
9,CA9,04/11/2016,'Ndrangheta,On-going
10,CA10,26/02/2013,Cosa Nostra,On-going
11,CA11,26/09/2018,Cosa Nostra,Trial
12,CA12,07/05/2011,Sacra Corona Unita,On-going
13,CA13,10/02/2012,Cosa Nostra,On-going
14,CA15,04/02/2009,Cosa Nostra,On-going
15,CA16,10/12/2018,Cosa Nostra,Trial
16,CA17,18/01/2001,Cosa Nostra,Trial
17,CA18,13/01/2018,Cosa Nostra,On-going
18,CA19,25/01/2010,Cosa Nostra,On-going
19,CA20,01/11/2020,Sacra Corona Unita,On-going
20,CA21,03/10/2005,Camorra,On-going
21,CA22,20/03/2007,Cosa Nostra,Trial
22,CA23,09/01/2020,Cosa Nostra,On-going
23,CA24,20/03/2017,'Ndrangheta,On-going
24,CA25,30/01/2009,Camorra,On-going
25,CA26,01/11/2011,'Ndrangheta,On-going
26,CA27,02/02/2005,'Ndrangheta,On-going
27,CA28,30/06/2016,Sacra Corona Unita,On-going
28,CA29,04/04/2009,'Ndrangheta,On-going
29,CA31,14/04/2015,Cosa Nostra,On-going
30,CA32,21/12/2016,Cosa Nostra,On-going
31,CA33,23/03/2008,'Ndrangheta,On-going
32,CA34,06/11/2008,Sacra Corona Unita,Trial
33,CA35,22/10/2002,Camorra,On-going
34,CA36,08/11/2003,Cosa Nostra,On-going
35,CA37,24/04/2007,Cosa Nostra,On-going
36,CA38,26/05/2020,Camorra,On-going
37,CA39,30/08/2009,Sacra Corona Unita,On-going
38,CA40,05/09/2020,Cosa Nostra,On-going
39,CA41,13/03/2010,Cosa Nostra,On-going
40,CA42,28/09/2009,Camorra,On-going
41,CA43,10/08/2008,'Ndrangheta,On-going
42,CA44,26/11/2013,Cosa Nostra,On-going
43,CA45,22/07/2014,Sacra Corona Unita,On-going
44,CA46,15/03/2016,'Ndrangheta,Trial
45,CA47,01/12/2018,Cosa Nostra,On-going
46,CA48,15/11/2010,'Ndrangheta,On-going
47,CA49,27/12/2003,Camorra,On-going
48,CA50,20/12/2009,'Ndrangheta,On-going
49,CA51,27/02/2018,Cosa Nostra,On-going
50,CA52,27/09/2017,'Ndrangheta,On-going
51,CA53,22/09/2011,'Ndrangheta,On-going
52,CA54,10/03/2018,Sacra Corona Unita,On-going
53,CA55,15/08/2004,Sacra Corona Unita,Trial
54,CA56,21/09/2014,Camorra,On-going
55,CA57,24/08/2011,'Ndrangheta,On-going
56,CA58,09/03/2014,Camorra,On-going
57,CA59,27/03/2002,'Ndrangheta,On-going
58,CA60,06/11/2014,Sacra Corona Unita,On-going
59,CA61,04/06/2015,'Ndrangheta,On-going
60,CA62,30/09/2009,'Ndrangheta,On-going
61,CA64,18/10/2014,Cosa Nostra,On-going
62,CA66,16/10/2014,Sacra Corona Unita,On-going
63,CA67,04/05/2006,'Ndrangheta,On-going
64,CA68,15/05/2004,Sacra Corona Unita,On-going
65,CA69,27/10/2017,Camorra,On-going
66,CA70,06/10/2009,Camorra,Trial
67,CA71,12/04/2007,Cosa Nostra,On-going
68,CA72,18/08/2017,Cosa Nostra,On-going
69,CA73,19/01/2018,'Ndrangheta,On-going
70,CA74,05/08/2005,'Ndrangheta,On-going
71,CA75,01/09/2014,'Ndrangheta,On-going
72,CA76,14/03/2015,Sacra Corona Unita,On-going
73,CA77,25/04/2014,Cosa Nostra,Trial
74,CA78,23/01/2003,'Ndrangheta,On-going
75,CA79,30/11/2017,Sacra Corona Unita,On-going
76,CA80,13/05/2018,Cosa Nostra,On-going
77,CA81,30/01/2015,Camorra,On-going
78,CA84,16/04/2011,Cosa Nostra,On-going
79,CA85,21/03/2013,Cosa Nostra,On-going
80,CA86,03/10/2016,Sacra Corona Unita,On-going
81,CA87,24/12/2000,'Ndrangheta,On-going
82,CA88,24/04/2010,'Ndrangheta,On-going
83,CA89,15/01/2009,Sacra Corona Unita,Trial
84,CA90,15/06/2014,'Ndrangheta,On-going
85,CA91,13/05/2007,Cosa Nostra,On-going
86,CA92,12/03/2010,Camorra,On-going
87,CA93,28/09/2004,'Ndrangheta,On-going
88,CA94,20/12/2007,Cosa Nostra,On-going
89,CA95,22/04/2008,Cosa Nostra,On-going
90,CA96,28/06/2010,'Ndrangheta,On-going
91,CA97,07/06/2009,Camorra,On-going
92,CA98,08/03/2009,Camorra,On-going
93,CA99,14/06/2008,Cosa Nostra,On-going
94,CA100,22/11/2014,'Ndrangheta,On-going
95,CA101,18/04/2000,'Ndrangheta,On-going
96,CA102,17/05/2013,Sacra Corona Unita,Trial
97,CA103,14/03/2016,'Ndrangheta,On-going
98,CA104,28/08/2017,Camorra,On-going
99,CA106,22/07/2008,Sacra Corona Unita,Trial
100,CA107,18/07/2021,'Ndrangheta,On-going
101,CA108,04/02/2000,Cosa Nostra,On-going
102,CA109,19/03/2015,Camorra,Trial
103,CA110,25/04/2007,Sacra Corona Unita,On-going
104,CA111,18/02/2014,Sacra Corona Unita,Trial
105,CA112,13/11/2009,Camorra,On-going
106,CA113,27/04/2015,Cosa Nostra,On-going
107,CA114,25/10/2009,Cosa Nostra,On-going
108,CA115,03/02/2013,Cosa Nostra,On-going
109,CA116,26/10/2008,Sacra Corona Unita,On-going
110,CA117,23/02/2019,Camorra,On-going
111,CA118,04/10/2005,Cosa Nostra,Trial
112,CA119,27/09/2015,Camorra,Trial
113,CA120,27/11/2013,Cosa Nostra,On-going
114,CA121,27/06/2010,'Ndrangheta,On-going
115,CA122,06/12/2017,Camorra,Trial
116,CA123,03/10/2012,'Ndrangheta,On-going
117,CA124,28/08/2004,Camorra,On-going
118,CA125,06/09/2008,'Ndrangheta,On-going
119,CA126,04/01/2002,'Ndrangheta,Trial
120,CA127,21/06/2006,Cosa Nostra,On-going
121,CA128,06/04/2016,Sacra Corona Unita,Trial
122,CA129,20/09/2015,Cosa Nostra,On-going
123,CA130,01/01/2017,'Ndrangheta,On-going
124,CA131,29/03/2018,'Ndrangheta,Trial
125,CA132,10/12/2005,'Ndrangheta,Trial
126,CA133,24/02/2012,'Ndrangheta,On-going
127,CA134,01/12/2001,'Ndrangheta,On-going
128,CA135,23/02/2010,Cosa Nostra,Trial
129,CA136,13/05/2006,'Ndrangheta,Trial
130,CA137,17/06/2013,Sacra Corona Unita,On-going
131,CA138,28/05/2007,Sacra Corona Unita,On-going
132,CA139,05/04/2020,Camorra,On-going
133,CA140,06/07/2003,'Ndrangheta,On-going
134,CA141,31/07/2018,Cosa Nostra,On-going
135,CA142,09/03/2012,Cosa Nostra,On-going
136,CA143,24/06/2011,Camorra,On-going
137,CA144,11/10/2018,Cosa Nostra,On-going
138,CA145,19/03/2009,Cosa Nostra,Trial
139,CA146,24/05/2008,Camorra,On-going
140,CA147,08/02/2014,Camorra,On-going
141,CA148,06/02/2016,Cosa Nostra,On-going
142,CA149,07/03/2006,Sacra Corona Unita,On-going
143,CA150,30/09/2003,Sacra Corona Unita,On-going
144,CA151,24/02/2013,Cosa Nostra,On-going
145,CA152,01/04/2014,'Ndrangheta,On-going
146,CA153,01/08/2015,Cosa Nostra,On-going
147,CA154,28/11/2014,Camorra,On-going
148,CA155,17/05/2016,Cosa Nostra,Trial
149,CA156,26/07/2007,Cosa Nostra,On-going
150,CA157,14/02/2015,Sacra Corona Unita,On-going
151,CA158,16/10/2009,Cosa Nostra,On-going
152,CA159,18/09/2021,Cosa Nostra,On-going
153,CA160,07/08/2006,'Ndrangheta,On-going
154,CA161,26/01/2008,Camorra,On-going
155,CA162,21/12/2016,Cosa Nostra,On-going
156,CA163,19/11/2010,Camorra,Trial
157,CA164,14/08/2007,Sacra Corona Unita,On-going
158,CA165,29/03/2014,Cosa Nostra,Trial
159,CA166,02/12/2014,Sacra Corona Unita,On-going
160,CA167,01/03/2016,Sacra Corona Unita,On-going
161,CA168,17/08/2008,'Ndrangheta,On-going
162,CA169,29/03/2014,Sacra Corona Unita,On-going
163,CA170,12/02/2007,'Ndrangheta,On-going
164,CA171,03/01/2008,Sacra Corona Unita,On-going
165,CA172,18/02/2002,'Ndrangheta,Trial
166,CA173,13/12/2009,Cosa Nostra,Trial
167,CA174,22/07/2017,'Ndrangheta,On-going
168,CA175,20/07/2018,'Ndrangheta,Trial
169,CA176,09/06/2016,'Ndrangheta,On-going
170,CA177,10/08/2009,Cosa Nostra,On-going
171,CA178,14/12/2013,Cosa Nostra,Trial
172,CA179,16/09/2007,Cosa Nostra,On-going
173,CA180,26/12/2017,Camorra,Trial
174,CA181,23/08/2020,'Ndrangheta,On-going
175,CA182,28/10/2004,Sacra Corona Unita,On-going
176,CA183,27/10/2004,'Ndrangheta,On-going
177,CA184,28/11/2012,Camorra,On-going
178,CA185,28/05/2015,Sacra Corona Unita,On-going
179,CA186,05/10/2012,Cosa Nostra,On-going
180,CA187,26/05/2007,Camorra,On-going
181,CA188,07/05/2009,Camorra,On-going
182,CA189,24/04/2020,'Ndrangheta,On-going
183,CA190,12/07/2009,'Ndrangheta,On-going
184,CA192,05/07/2018,'Ndrangheta,On-going
185,CA193,19/11/2014,Cosa Nostra,On-going
186,CA194,24/03/2006,Cosa Nostra,On-going
187,CA195,08/12/2009,Cosa Nostra,On-going
188,CA196,23/09/2007,Cosa Nostra,On-going
189,CA197,12/02/2005,Cosa Nostra,On-going
190,CA198,12/05/2006,Sacra Corona Unita,On-going
191,CA199,29/06/2005,Cosa Nostra,On-going
192,CA200,12/01/2003,'Ndrangheta,On-going
193,CA201,20/09/2011,'Ndrangheta,On-going
194,CA202,09/10/2011,Cosa Nostra,On-going
195,CA203,01/08/2014,Cosa Nostra,On-going
196,CA204,07/12/2008,Cosa Nostra,On-going
197,CA205,04/05/2013,Camorra,On-going
198,CA207,09/05/2000,Camorra,On-going
199,CA208,09/02/2014,'Ndrangheta,On-going
200,CA209,01/12/2008,Sacra Corona Unita,On-going
201,CA210,05/12/2017,Sacra Corona Unita,On-going
202,CA211,29/08/2005,Sacra Corona Unita,On-going
203,CA212,02/08/2017,Cosa Nostra,On-going
204,CA213,25/01/2002,'Ndrangheta,On-going
205,CA215,10/10/2001,'Ndrangheta,On-going
206,CA216,16/09/2012,Cosa Nostra,Trial
207,CA217,08/01/2016,'Ndrangheta,On-going
208,CA218,16/08/2007,'Ndrangheta,On-going
209,CA220,12/07/2001,'Ndrangheta,Trial
210,CA221,09/07/2002,'Ndrangheta,On-going
211,CA222,20/11/2003,Sacra Corona Unita,On-going
212,CA223,10/04/2007,'Ndrangheta,On-going
213,CA224,05/06/2003,Cosa Nostra,On-going
214,CA226,01/09/2014,'Ndrangheta,Trial
215,CA227,02/10/2015,Sacra Corona Unita,On-going
216,CA228,04/09/2006,Sacra Corona Unita,On-going
217,CA229,17/10/2009,'Ndrangheta,On-going
218,CA230,11/02/2012,Cosa Nostra,On-going
219,CA231,10/04/2016,Camorra,On-going
220,CA232,22/11/2019,'Ndrangheta,On-going
221,CA233,29/05/2015,Cosa Nostra,On-going
222,CA234,30/07/2018,'Ndrangheta,On-going
223,CA235,15/08/2007,Cosa Nostra,On-going
224,CA236,19/07/2011,Cosa Nostra,Trial
225,CA237,15/08/2011,Cosa Nostra,On-going
226,CA238,05/03/2011,Cosa Nostra,On-going
227,CA239,18/08/2018,Camorra,On-going
228,CA240,14/01/2003,Cosa Nostra,On-going
229,CA241,27/02/2004,'Ndrangheta,On-going
230,CA242,26/09/2008,Cosa Nostra,On-going
231,CA243,15/08/2017,'Ndrangheta,On-going
232,CA244,06/01/2013,'Ndrangheta,On-going
233,CA245,03/03/2010,Cosa Nostra,On-going
234,CA246,26/04/2002,Cosa Nostra,On-going
235,CA247,22/10/2010,Sacra Corona Unita,On-going
236,CA248,14/11/2011,Camorra,Trial
237,CA249,09/06/2007,'Ndrangheta,On-going
238,CA250,12/10/2008,Sacra Corona Unita,On-going
239,CA252,08/08/2012,'Ndrangheta,On-going
240,CA253,19/08/2009,'Ndrangheta,On-going
241,CA254,08/08/2014,Cosa Nostra,On-going
242,CA255,23/04/2013,'Ndrangheta,On-going
243,CA256,02/06/2006,Sacra Corona Unita,On-going
244,CA257,08/09/2006,Sacra Corona Unita,On-going
245,CA258,16/05/2011,'Ndrangheta,On-going
246,CA259,30/08/2018,'Ndrangheta,On-going
247,CA260,06/01/2009,'Ndrangheta,On-going
248,CA261,04/02/2018,'Ndrangheta,On-going
249,CA262,11/04/2021,Cosa Nostra,On-going
250,CA263,08/06/2012,Camorra,On-going
251,CA264,13/03/2013,Camorra,Trial
252,CA265,04/10/2014,Cosa Nostra,On-going
253,CA266,08/06/2016,'Ndrangheta,On-going
254,CA267,06/03/2007,Sacra Corona Unita,On-going
255,CA268,18/02/2010,Sacra Corona Unita,Trial
256,CA269,25/01/2012,Camorra,On-going
257,CA271,09/06/2014,Camorra,On-going
258,CA272,27/12/2014,Sacra Corona Unita,On-going
259,CA273,11/02/2021,Cosa Nostra,On-going
260,CA274,03/12/2013,Camorra,On-going
261,CA275,14/05/2005,'Ndrangheta,On-going
262,CA276,23/03/2004,Cosa Nostra,Trial
263,CA277,17/08/2017,Camorra,Trial
264,CA278,20/10/2010,'Ndrangheta,On-going
265,CA279,14/12/2006,'Ndrangheta,On-going
266,CA280,05/10/2009,'Ndrangheta,On-going
267,CA281,25/05/2012,Camorra,On-going
268,CA282,24/06/2013,'Ndrangheta,Trial
269,CA283,18/11/2018,Sacra Corona Unita,On-going
270,CA284,30/05/2019,'Ndrangheta,On-going
271,CA285,06/09/2007,Sacra Corona Unita,On-going
272,CA286,28/03/2010,Sacra Corona Unita,On-going
273,CA287,31/07/2011,'Ndrangheta,On-going
274,CA288,10/05/2006,Cosa Nostra,On-going
275,CA289,02/12/2008,'Ndrangheta,On-going
276,CA290,26/12/2008,Cosa Nostra,On-going
277,CA291,27/03/2017,Camorra,On-going
278,CA292,22/01/2019,Sacra Corona Unita,On-going
279,CA293,03/11/2019,'Ndrangheta,On-going
280,CA294,04/07/2003,'Ndrangheta,On-going
281,CA295,13/07/2017,Cosa Nostra,On-going
282,CA296,23/09/2001,'Ndrangheta,On-going
283,CA297,22/08/2019,'Ndrangheta,On-going
284,CA298,05/09/2010,Cosa Nostra,Trial
285,CA299,14/06/2004,'Ndrangheta,On-going
286,CA300,14/04/2008,Camorra,On-going
287,CA301,28/04/2021,Sacra Corona Unita,On-going
288,CA302,02/08/2008,Camorra,Trial
289,CA303,25/09/2019,'Ndrangheta,On-going
290,CA304,19/06/2014,'Ndrangheta,On-going
291,CA305,08/09/2017,Cosa Nostra,On-going
292,CA306,10/11/2006,Cosa Nostra,On-going
293,CA307,25/06/2020,Cosa Nostra,On-going
294,CA308,14/06/2009,Camorra,On-going
295,CA309,16/03/2006,Cosa Nostra,On-going
296,CA310,01/07/2014,'Ndrangheta,Trial
297,CA311,23/09/2001,Sacra Corona Unita,Trial
298,CA312,23/10/2018,Sacra Corona Unita,Trial
299,CA313,07/03/2001,Cosa Nostra,On-going
300,CA314,14/04/2012,Cosa Nostra,On-going
301,CA315,01/07/2004,'Ndrangheta,Trial
302,CA316,27/04/2011,Sacra Corona Unita,On-going
303,CA317,08/10/2019,Cosa Nostra,On-going
304,CA318,05/06/2016,'Ndrangheta,On-going
305,CA319,07/02/2019,Sacra Corona Unita,On-going
306,CA320,20/01/2013,Sacra Corona Unita,On-going
307,CA321,02/12/2014,Sacra Corona Unita,On-going
308,CA322,20/11/2008,Camorra,On-going
309,CA323,23/03/2015,'Ndrangheta,On-going
310,CA324,11/04/2006,'Ndrangheta,Trial
311,CA325,23/05/2005,Sacra Corona Unita,Trial
312,CA326,10/07/2014,'Ndrangheta,On-going
313,CA327,23/02/2004,Cosa Nostra,On-going
314,CA328,19/11/2017,'Ndrangheta,On-going
315,CA329,21/12/2003,Cosa Nostra,On-going
316,CA330,02/02/2008,Camorra,On-going
317,CA331,20/11/2021,Camorra,Trial
318,CA332,22/06/2010,Camorra,Trial
319,CA333,10/09/2015,Cosa Nostra,On-going
320,CA334,30/12/2017,'Ndrangheta,On-going
321,CA335,30/03/2006,'Ndrangheta,On-going
322,CA336,08/09/2020,Sacra Corona Unita,On-going
323,CA337,23/08/2019,Cosa Nostra,On-going
324,CA338,04/01/2006,Cosa Nostra,On-going
325,CA339,26/10/2017,Sacra Corona Unita,Trial
326,CA340,14/12/2011,Sacra Corona Unita,On-going
327,CA341,06/04/2004,'Ndrangheta,Trial
328,CA342,13/08/2019,Camorra,On-going
329,CA343,24/12/2005,Cosa Nostra,On-going
330,CA345,09/01/2002,Sacra Corona Unita,On-going
331,CA346,27/03/2007,Sacra Corona Unita,On-going
332,CA347,22/02/2012,Camorra,On-going
333,CA348,21/09/2010,'Ndrangheta,Trial
334,CA349,13/06/2009,'Ndrangheta,On-going
335,CA350,14/11/2004,Cosa Nostra,Trial
336,CA351,15/02/2008,'Ndrangheta,On-going
337,CA352,07/06/2019,'Ndrangheta,Trial
338,CA353,24/03/2009,Cosa Nostra,Trial
339,CA354,08/06/2012,Cosa Nostra,Trial
340,CA355,12/12/2012,Camorra,Trial
341,CA356,26/02/2013,Cosa Nostra,On-going
342,CA357,12/05/2016,Cosa Nostra,On-going
343,CA358,20/04/2003,'Ndrangheta,On-going
344,CA359,24/11/2006,'Ndrangheta,On-going
345,CA360,14/12/2018,Cosa Nostra,On-going
346,CA361,25/10/2008,Camorra,On-going
347,CA363,16/04/2008,Camorra,On-going
348,CA364,31/01/2000,'Ndrangheta,Trial
349,CA365,13/04/2016,Cosa Nostra,Trial
350,CA366,14/11/2006,'Ndrangheta,On-going
351,CA367,20/07/2010,'Ndrangheta,On-going
352,CA368,11/10/2011,'Ndrangheta,Trial
353,CA369,30/10/2002,Sacra Corona Unita,Trial
354,CA370,24/08/2016,'Ndrangheta,Trial
355,CA371,10/05/2010,'Ndrangheta,On-going
356,CA372,18/02/2001,Cosa Nostra,On-going
357,CA373,04/04/2011,'Ndrangheta,On-going
358,CA374,10/01/2011,Camorra,On-going
359,CA375,07/12/2013,'Ndrangheta,On-going
360,CA376,01/02/2020,Cosa Nostra,On-going
361,CA377,06/07/2018,Sacra Corona Unita,On-going
362,CA378,26/12/2005,'Ndrangheta,On-going
363,CA379,29/12/2013,'Ndrangheta,Trial
364,CA380,27/04/2019,'Ndrangheta,On-going
365,CA381,20/01/2007,'Ndrangheta,On-going
366,CA382,16/07/2011,'Ndrangheta,Trial
367,CA383,24/06/2005,'Ndrangheta,On-going
368,CA385,27/03/2014,Cosa Nostra,On-going
369,CA386,30/07/2003,'Ndrangheta,On-going
370,CA387,31/10/2008,Camorra,On-going
371,CA388,21/01/2016,Sacra Corona Unita,On-going
372,CA389,24/11/2004,Sacra Corona Unita,Trial
373,CA390,15/10/2003,'Ndrangheta,On-going
374,CA391,17/02/2014,Cosa Nostra,On-going
375,CA392,13/03/2018,'Ndrangheta,On-going
376,CA393,04/08/2011,Sacra Corona Unita,On-going
377,CA394,10/02/2009,Sacra Corona Unita,Trial
378,CA395,16/11/2013,Cosa Nostra,On-going
379,CA396,14/11/2010,Camorra,On-going
380,CA397,28/12/2020,Camorra,On-going
381,CA398,22/06/2001,Cosa Nostra,On-going
382,CA399,18/05/2019,'Ndrangheta,On-going
383,CA400,18/06/2013,'Ndrangheta,On-going
384,CA401,21/04/2002,'Ndrangheta,On-going
385,CA402,18/06/2012,Cosa Nostra,Trial
386,CA403,02/12/2019,Cosa Nostra,On-going
387,CA404,24/06/2020,Cosa Nostra,Trial
388,CA405,07/08/2016,Sacra Corona Unita,On-going
389,CA406,10/01/2008,Cosa Nostra,On-going
390,CA408,04/08/2003,Camorra,On-going
391,CA409,04/05/2007,Cosa Nostra,On-going
392,CA410,22/11/2015,Sacra Corona Unita,On-going
393,CA411,16/07/2010,Camorra,Trial
394,CA412,15/09/2019,'Ndrangheta,On-going
395,CA413,17/08/2002,Cosa Nostra,Trial
396,CA414,25/12/2005,'Ndrangheta,On-going
397,CA415,16/09/2007,Cosa Nostra,Trial
398,CA416,21/03/2011,'Ndrangheta,On-going
399,CA417,02/03/2016,Cosa Nostra,On-going
400,CA418,18/09/2011,'Ndrangheta,On-going
401,CA419,03/01/2003,Camorra,On-going
402,CA420,03/03/2017,Sacra Corona Unita,Trial
403,CA421,01/11/2017,Camorra,On-going
404,CA423,11/07/2012,'Ndrangheta,On-going
405,CA424,26/07/2003,Sacra Corona Unita,On-going
406,CA425,24/09/2000,Cosa Nostra,On-going
407,CA426,23/10/2004,Sacra Corona Unita,On-going
408,CA427,24/03/2008,Cosa Nostra,On-going
409,CA428,10/12/2007,Camorra,On-going
410,CA429,04/10/2005,Cosa Nostra,On-going
411,CA430,03/01/2022,Camorra,Trial
412,CA431,15/08/2009,Cosa Nostra,Trial
413,CA432,29/06/2017,Sacra Corona Unita,On-going
414,CA433,29/02/2004,'Ndrangheta,On-going
415,CA434,14/02/2012,Cosa Nostra,Trial
416,CA435,31/05/2020,'Ndrangheta,On-going
417,CA436,21/07/2010,'Ndrangheta,Trial
418,CA437,15/04/2009,Cosa Nostra,On-going
419,CA439,25/08/2014,'Ndrangheta,On-going
420,CA440,23/11/2007,Cosa Nostra,Trial
421,CA441,02/12/2018,Camorra,Trial
422,CA442,28/05/2009,Cosa Nostra,On-going
423,CA443,02/11/2005,'Ndrangheta,On-going
424,CA444,20/01/2007,Camorra,Trial
425,CA445,31/01/2020,Sacra Corona Unita,On-going
426,CA446,17/02/2011,'Ndrangheta,On-going
427,CA447,06/07/2016,Sacra Corona Unita,On-going
428,CA448,17/08/2011,Camorra,On-going
429,CA449,25/04/2017,Cosa Nostra,On-going
430,CA450,30/10/2013,'Ndrangheta,On-going
431,CA451,23/08/2007,Cosa Nostra,On-going
432,CA452,23/01/2003,Cosa Nostra,Trial
433,CA453,06/02/2018,Sacra Corona Unita,On-going
434,CA454,25/01/2020,Cosa Nostra,On-going
435,CA455,12/11/2020,Cosa Nostra,On-going
436,CA456,01/08/2017,Camorra,On-going
437,CA457,30/08/2011,Cosa Nostra,On-going
438,CA458,17/04/2011,Cosa Nostra,Trial
439,CA459,28/07/2004,Cosa Nostra,On-going
440,CA460,20/12/2014,Cosa Nostra,On-going
441,CA461,11/12/2021,Camorra,Trial
442,CA462,06/11/2003,Cosa Nostra,On-going
443,CA463,12/10/2010,'Ndrangheta,Trial
444,CA464,12/07/2003,Camorra,On-going
445,CA465,21/02/2004,Cosa Nostra,On-going
446,CA467,08/10/2011,Sacra Corona Unita,On-going
447,CA468,09/09/2011,Camorra,On-going
448,CA469,20/12/2014,Cosa Nostra,Trial
449,CA470,19/12/2009,'Ndrangheta,On-going
450,CA471,29/12/2011,Sacra Corona Unita,On-going
451,CA472,22/08/2006,Cosa Nostra,On-going
452,CA473,04/07/2014,Sacra Corona Unita,On-going
453,CA474,31/01/2008,Camorra,On-going
454,CA475,30/09/2002,Sacra Corona Unita,On-going
455,CA476,24/05/2015,Cosa Nostra,On-going
456,CA477,27/11/2006,Cosa Nostra,On-going
457,CA478,12/01/2012,Cosa Nostra,On-going
458,CA479,29/01/2018,'Ndrangheta,Trial
459,CA481,02/08/2007,'Ndrangheta,On-going
460,CA482,31/10/2009,Cosa Nostra,On-going
461,CA483,09/02/2014,'Ndrangheta,Trial
462,CA484,07/06/2014,'Ndrangheta,Trial
463,CA485,30/07/2004,Camorra,Trial
464,CA486,20/12/2003,Cosa Nostra,Trial
465,CA487,04/07/2007,Sacra Corona Unita,Trial
466,CA488,26/04/2016,'Ndrangheta,On-going
467,CA489,14/11/2006,Camorra,On-going
468,CA490,18/12/2003,'Ndrangheta,On-going
469,CA491,04/05/2010,Camorra,On-going
470,CA492,26/04/2013,'Ndrangheta,On-going
471,CA493,10/07/2002,Camorra,Trial
472,CA494,20/12/2014,Cosa Nostra,On-going
473,CA495,10/09/2014,'Ndrangheta,On-going
474,CA496,20/02/2008,Cosa Nostra,Trial
475,CA497,11/08/2010,'Ndrangheta,On-going
476,CA498,26/04/2016,Cosa Nostra,On-going
477,CA499,18/07/2006,'Ndrangheta,On-going
478,CA500,02/06/2020,Cosa Nostra,Trial
479,CA501,29/07/2017,Cosa Nostra,On-going
480,CA502,30/07/2012,Cosa Nostra,On-going
481,CA503,16/09/2001,'Ndrangheta,On-going
482,CA504,30/05/2009,Sacra Corona Unita,On-going
483,CA505,20/04/2014,Camorra,On-going
484,CA506,05/07/2005,Camorra,On-going
485,CA507,13/11/2017,'Ndrangheta,On-going
486,CA508,18/05/2011,'Ndrangheta,On-going
487,CA509,01/07/2001,'Ndrangheta,On-going
488,CA511,21/06/2004,'Ndrangheta,On-going
489,CA512,22/05/2015,Sacra Corona Unita,On-going
490,CA513,07/06/2013,'Ndrangheta,On-going
491,CA514,13/09/2012,'Ndrangheta,On-going
492,CA516,24/09/2003,'Ndrangheta,On-going
493,CA517,18/03/2016,'Ndrangheta,On-going
494,CA518,16/11/2007,'Ndrangheta,On-going
495,CA519,06/06/2018,Cosa Nostra,On-going
496,CA520,03/01/2019,Sacra Corona Unita,On-going
497,CA521,20/05/2003,'Ndrangheta,On-going
498,CA522,28/07/2011,'Ndrangheta,On-going
499,CA523,30/01/2011,Sacra Corona Unita,On-going
500,CA524,19/11/2014,Cosa Nostra,On-going
501,CA525,29/09/2003,Cosa Nostra,On-going
502,CA526,05/04/2004,'Ndrangheta,On-going
503,CA527,03/05/2004,'Ndrangheta,On-going
504,CA528,18/12/2000,Cosa Nostra,On-going
505,CA529,21/01/2016,'Ndrangheta,On-going
506,CA530,02/06/2003,Cosa Nostra,Trial
507,CA531,09/01/2008,Cosa Nostra,On-going
508,CA532,10/08/2006,Camorra,On-going
509,CA533,28/04/2006,Cosa Nostra,On-going
510,CA534,20/03/2014,Camorra,On-going
511,CA535,30/11/2011,Camorra,On-going
512,CA536,28/01/2018,Cosa Nostra,On-going
513,CA537,23/03/2000,Cosa Nostra,On-going
514,CA538,26/09/2019,Cosa Nostra,On-going
515,CA539,01/07/2010,Camorra,On-going
516,CA540,16/11/2011,'Ndrangheta,On-going
517,CA542,20/11/2013,'Ndrangheta,On-going
518,CA543,03/07/2014,'Ndrangheta,On-going
519,CA544,15/07/2013,'Ndrangheta,Trial
520,CA545,11/04/2008,Camorra,On-going
521,CA546,28/09/2004,Sacra Corona Unita,Trial
522,CA547,08/10/2017,Cosa Nostra,On-going
523,CA548,01/07/2015,'Ndrangheta,On-going
524,CA549,11/02/2013,Cosa Nostra,On-going
525,CA550,12/08/2016,'Ndrangheta,On-going
526,CA551,31/12/2004,'Ndrangheta,On-going
527,CA552,06/05/2007,'Ndrangheta,On-going
528,CA553,09/05/2007,Sacra Corona Unita,On-going
529,CA554,03/05/2005,Sacra Corona Unita,On-going
530,CA555,20/09/2006,Sacra Corona Unita,Trial
531,CA556,26/02/2015,Cosa Nostra,On-going
532,CA557,03/01/2009,'Ndrangheta,On-going
533,CA559,17/07/2012,Cosa Nostra,On-going
534,CA560,28/06/2016,'Ndrangheta,On-going
535,CA561,05/09/2001,'Ndrangheta,On-going
536,CA562,11/04/2011,'Ndrangheta,On-going
537,CA563,17/05/2014,Camorra,Trial
538,CA564,10/11/2014,Sacra Corona Unita,On-going
539,CA565,22/05/2015,Camorra,On-going
540,CA566,27/09/2008,Cosa Nostra,On-going
541,CA567,24/09/2010,Camorra,Trial
542,CA568,25/10/2009,Cosa Nostra,On-going
543,CA569,04/09/2004,'Ndrangheta,On-going
544,CA570,27/08/2015,'Ndrangheta,Trial
545,CA571,12/09/2010,Cosa Nostra,Trial
546,CA572,22/03/2019,Camorra,Trial
547,CA573,23/05/2021,Cosa Nostra,On-going
548,CA574,24/09/2016,'Ndrangheta,On-going
549,CA575,24/05/2003,'Ndrangheta,On-going
550,CA576,23/04/2015,'Ndrangheta,On-going
551,CA577,18/08/2007,Camorra,On-going
552,CA578,22/12/2004,Sacra Corona Unita,On-going
553,CA579,24/05/2006,Cosa Nostra,On-going
554,CA580,13/05/2010,Cosa Nostra,On-going
555,CA581,23/11/2014,Camorra,On-going
556,CA582,11/03/2002,Cosa Nostra,On-going
557,CA583,12/08/2018,'Ndrangheta,On-going
558,CA584,26/11/2014,'Ndrangheta,On-going
559,CA585,20/11/2015,'Ndrangheta,On-going
560,CA586,16/08/2020,Sacra Corona Unita,On-going
561,CA587,01/12/2005,Cosa Nostra,On-going
562,CA588,24/04/2016,'Ndrangheta,On-going
563,CA589,20/04/2017,Camorra,On-going
564,CA590,25/06/2006,Cosa Nostra,On-going
565,CA591,16/10/2014,Cosa Nostra,On-going
566,CA593,19/08/2008,Camorra,On-going
567,CA594,20/08/2007,Camorra,Trial
568,CA595,06/01/2019,Cosa Nostra,On-going
569,CA596,09/11/2013,'Ndrangheta,On-going
570,CA597,28/08/2013,Cosa Nostra,On-going
571,CA598,02/04/2020,Camorra,On-going
572,CA599,28/04/2007,Sacra Corona Unita,On-going
573,CA600,01/11/2008,'Ndrangheta,On-going
574,CA601,08/06/2011,Sacra Corona Unita,On-going
575,CA602,20/05/2008,Cosa Nostra,On-going
576,CA603,26/11/2009,Cosa Nostra,On-going
577,CA604,20/02/2021,Sacra Corona Unita,On-going
578,CA605,01/08/2005,Sacra Corona Unita,On-going
579,CA606,24/03/2003,'Ndrangheta,Trial
580,CA607,06/07/2010,Cosa Nostra,On-going
581,CA608,16/01/2012,'Ndrangheta,On-going
582,CA609,11/01/2014,Cosa Nostra,On-going
583,CA610,07/10/2010,Cosa Nostra,On-going
584,CA611,09/02/2015,Camorra,On-going
585,CA612,06/01/2013,Cosa Nostra,On-going
586,CA613,08/01/2018,Camorra,Trial
587,CA614,22/12/2015,'Ndrangheta,On-going
588,CA615,06/11/2016,Cosa Nostra,Trial
589,CA616,18/10/2002,Sacra Corona Unita,On-going
590,CA617,12/06/2012,'Ndrangheta,On-going
591,CA618,16/06/2012,'Ndrangheta,Trial
592,CA619,31/03/2009,'Ndrangheta,On-going
593,CA620,12/08/2005,Sacra Corona Unita,Trial
594,CA621,20/10/2014,Cosa Nostra,On-going
595,CA622,12/10/2007,Camorra,On-going
596,CA623,05/05/2009,'Ndrangheta,Trial
597,CA624,14/07/2013,Cosa Nostra,On-going
598,CA625,19/12/2006,'Ndrangheta,On-going
599,CA626,14/05/2009,Sacra Corona Unita,On-going
600,CA627,26/07/2004,Cosa Nostra,On-going
601,CA628,22/12/2018,Camorra,On-going
602,CA629,11/04/2014,Camorra,Trial
603,CA630,24/12/2008,'Ndrangheta,On-going
604,CA631,04/01/2010,'Ndrangheta,On-going
605,CA632,09/08/2009,Sacra Corona Unita,On-going
606,CA633,02/05/2006,'Ndrangheta,On-going
607,CA634,01/05/2012,Cosa Nostra,On-going
608,CA635,13/05/2008,Camorra,On-going
609,CA636,12/01/2004,Camorra,On-going
610,CA637,16/11/2013,Sacra Corona Unita,On-going
611,CA638,05/04/2019,Cosa Nostra,On-going
612,CA639,17/08/2006,'Ndrangheta,On-going
613,CA640,21/04/2007,Cosa Nostra,Trial
614,CA641,08/06/2000,Camorra,On-going
615,CA642,27/11/2014,Sacra Corona Unita,On-going
616,CA643,28/12/2011,'Ndrangheta,On-going
617,CA644,25/01/2009,Cosa Nostra,On-going
618,CA645,20/02/2007,'Ndrangheta,On-going
619,CA646,24/09/2011,Cosa Nostra,On-going
620,CA647,13/09/2013,Cosa Nostra,Trial
621,CA648,02/12/2009,Cosa Nostra,On-going
622,CA649,31/12/2020,'Ndrangheta,Trial
623,CA650,06/11/2005,Cosa Nostra,Trial
624,CA651,30/11/2009,'Ndrangheta,On-going
625,CA652,19/04/2018,Camorra,On-going
626,CA653,07/06/2015,Camorra,Trial
627,CA654,05/07/2014,'Ndrangheta,On-going
628,CA655,02/03/2001,'Ndrangheta,On-going
629,CA656,05/12/2016,Cosa Nostra,On-going
630,CA657,19/03/2012,Sacra Corona Unita,On-going
631,CA658,01/09/2006,'Ndrangheta,On-going
632,CA659,24/06/2013,'Ndrangheta,On-going
633,CA660,24/03/2010,Cosa Nostra,On-going
634,CA661,16/09/2006,Camorra,On-going
635,CA662,25/03/2006,Cosa Nostra,On-going
636,CA663,09/01/2014,'Ndrangheta,On-going
637,CA664,04/07/2014,Cosa Nostra,Trial
638,CA665,04/03/2013,'Ndrangheta,On-going
639,CA666,02/02/2013,Camorra,Trial
640,CA667,05/02/2012,Camorra,On-going
641,CA668,25/01/2020,'Ndrangheta,On-going
642,CA669,27/11/2000,'Ndrangheta,On-going
643,CA670,15/10/2012,'Ndrangheta,Trial
644,CA671,13/01/2013,Cosa Nostra,On-going
645,CA672,03/05/2001,Sacra Corona Unita,On-going
646,CA673,11/02/2012,Sacra Corona Unita,On-going
647,CA674,24/04/2009,Sacra Corona Unita,On-going
648,CA675,14/02/2008,'Ndrangheta,Trial
649,CA676,31/03/2007,Sacra Corona Unita,Trial
650,CA677,20/07/2002,Sacra Corona Unita,On-going
651,CA678,24/01/2021,Sacra Corona Unita,On-going
652,CA679,04/11/2000,Cosa Nostra,On-going
653,CA680,19/04/2009,Cosa Nostra,Trial
654,CA681,25/08/2020,'Ndrangheta,On-going
655,CA682,12/12/2016,Cosa Nostra,Trial
656,CA683,24/11/2008,'Ndrangheta,Trial
657,CA684,28/07/2017,Cosa Nostra,Trial
658,CA685,21/10/2015,Camorra,On-going
659,CA686,18/03/2017,'Ndrangheta,On-going
660,CA687,04/03/2000,Camorra,On-going
661,CA688,14/04/2009,'Ndrangheta,Trial
662,CA689,07/07/2014,Sacra Corona Unita,On-going
663,CA690,19/05/2010,Sacra Corona Unita,Trial
664,CA691,02/02/2015,Camorra,On-going
665,CA692,29/06/2012,'Ndrangheta,On-going
666,CA693,21/02/2007,Cosa Nostra,On-going
667,CA694,12/06/2013,'Ndrangheta,Trial
668,CA695,16/07/2013,'Ndrangheta,On-going
669,CA696,26/03/2018,Sacra Corona Unita,On-going
670,CA697,14/05/2017,Sacra Corona Unita,On-going
671,CA698,17/04/2002,Camorra,Trial
672,CA700,06/09/2001,Sacra Corona Unita,Trial
673,CA701,09/03/2011,Camorra,Trial
674,CA702,19/07/2010,Camorra,On-going
675,CA704,04/02/2006,'Ndrangheta,On-going
676,CA705,28/10/2005,Cosa Nostra,On-going
677,CA706,28/10/2007,'Ndrangheta,On-going
678,CA707,19/03/2021,'Ndrangheta,On-going
679,CA708,09/02/2011,Cosa Nostra,Trial
680,CA709,30/08/2015,Camorra,On-going
681,CA710,31/05/2002,Cosa Nostra,On-going
682,CA711,06/10/2004,'Ndrangheta,Trial
683,CA712,27/07/2009,'Ndrangheta,On-going
684,CA713,15/10/2016,Sacra Corona Unita,On-going
685,CA714,25/06/2010,'Ndrangheta,On-going
686,CA715,23/05/2008,'Ndrangheta,Trial
687,CA716,29/04/2012,'Ndrangheta,On-going
688,CA717,14/03/2015,Sacra Corona Unita,On-going
689,CA718,06/10/2011,Cosa Nostra,On-going
690,CA719,25/07/2008,Sacra Corona Unita,On-going
691,CA720,14/05/2019,Camorra,On-going
692,CA721,05/10/2007,Cosa Nostra,On-going
693,CA722,03/04/2009,'Ndrangheta,On-going
694,CA723,02/05/2011,Cosa Nostra,On-going
695,CA724,14/02/2017,Cosa Nostra,On-going
696,CA725,08/09/2009,Sacra Corona Unita,On-going
697,CA726,26/11/2013,'Ndrangheta,On-going
698,CA727,31/10/2017,Camorra,On-going
699,CA728,04/12/2001,Camorra,On-going
700,CA729,03/10/2007,'Ndrangheta,On-going
701,CA730,23/07/2012,Cosa Nostra,On-going
702,CA731,29/09/2020,'Ndrangheta,On-going
703,CA732,16/05/2012,Cosa Nostra,Trial
704,CA733,14/09/2007,Cosa Nostra,Trial
705,CA734,02/09/2018,Sacra Corona Unita,On-going
706,CA735,10/11/2011,'Ndrangheta,On-going
707,CA736,14/01/2004,Cosa Nostra,On-going
708,CA737,27/12/2008,Sacra Corona Unita,Trial
709,CA738,21/10/2007,Cosa Nostra,Trial
710,CA739,14/02/2011,Cosa Nostra,On-going
711,CA740,10/07/2019,Cosa Nostra,On-going
712,CA741,05/06/2014,'Ndrangheta,On-going
713,CA742,07/04/2016,Sacra Corona Unita,On-going
714,CA744,27/12/2020,'Ndrangheta,On-going
715,CA745,05/06/2007,Cosa Nostra,On-going
716,CA746,19/12/2020,Camorra,On-going
717,CA747,02/07/2003,Cosa Nostra,On-going
718,CA748,14/02/2013,'Ndrangheta,On-going
719,CA749,03/04/2020,Cosa Nostra,On-going
720,CA750,22/10/2005,Cosa Nostra,On-going
721,CA751,01/09/2013,Cosa Nostra,On-going
722,CA752,27/10/2013,'Ndrangheta,On-going
723,CA753,08/06/2014,Sacra Corona Unita,On-going
724,CA754,25/03/2014,Cosa Nostra,On-going
725,CA755,24/12/2011,'Ndrangheta,On-going
726,CA756,19/12/2020,Cosa Nostra,Trial
727,CA757,08/03/2021,Camorra,On-going
728,CA758,19/02/2016,'Ndrangheta,On-going
729,CA759,10/12/2005,Cosa Nostra,On-going
730,CA760,08/10/2001,'Ndrangheta,On-going
731,CA761,25/12/2013,Cosa Nostra,On-going
732,CA762,14/09/2014,Camorra,On-going
733,CA763,09/09/2006,'Ndrangheta,Trial
734,CA764,04/10/2014,Camorra,On-going
735,CA765,02/12/2011,Camorra,On-going
736,CA766,17/08/2021,Sacra Corona Unita,On-going
737,CA767,22/12/2008,Cosa Nostra,On-going
738,CA768,08/09/2013,Sacra Corona Unita,On-going
739,CA769,19/04/2008,Camorra,Trial
740,CA770,04/05/2012,'Ndrangheta,On-going
741,CA771,08/09/2013,Sacra Corona Unita,On-going
742,CA772,21/08/2007,Camorra,On-going
743,CA773,28/07/2001,'Ndrangheta,On-going
744,CA774,01/03/2008,Sacra Corona Unita,On-going
745,CA775,14/03/2007,'Ndrangheta,On-going
746,CA776,04/04/2014,'Ndrangheta,On-going
747,CA777,12/04/2013,'Ndrangheta,On-going
748,CA778,30/12/2020,Cosa Nostra,On-going
749,CA779,30/04/2002,'Ndrangheta,On-going
750,CA780,16/05/2006,Camorra,On-going
751,CA781,29/01/2011,Cosa Nostra,Trial
752,CA782,11/10/2009,Cosa Nostra,On-going
753,CA783,08/11/2003,Cosa Nostra,On-going
754,CA784,31/07/2010,'Ndrangheta,Trial
755,CA785,20/09/2009,Cosa Nostra,On-going
756,CA786,24/10/2012,Cosa Nostra,On-going
757,CA787,30/03/2012,Sacra Corona Unita,On-going
758,CA788,03/08/2008,'Ndrangheta,Trial
759,CA789,08/05/2021,Cosa Nostra,On-going
760,CA790,05/11/2009,Cosa Nostra,On-going
761,CA791,26/02/2008,Cosa Nostra,On-going
762,CA792,29/12/2008,'Ndrangheta,Trial
763,CA793,22/06/2016,Camorra,Trial
764,CA795,25/10/2010,Sacra Corona Unita,On-going
765,CA796,20/02/2019,'Ndrangheta,On-going
766,CA797,27/03/2005,Sacra Corona Unita,On-going
767,CA798,20/11/2006,'Ndrangheta,On-going
768,CA799,08/01/2017,Cosa Nostra,On-going
769,CA800,10/10/2009,Camorra,On-going
770,CA801,27/07/2005,Sacra Corona Unita,Trial
771,CA802,11/06/2019,Cosa Nostra,On-going
772,CA803,15/03/2012,Cosa Nostra,On-going
773,CA804,14/01/2001,Cosa Nostra,Trial
774,CA805,02/01/2018,Cosa Nostra,On-going
775,CA806,03/06/2009,Cosa Nostra,On-going
776,CA807,05/08/2011,Cosa Nostra,On-going
777,CA808,14/11/2007,Camorra,On-going
778,CA809,14/02/2020,Cosa Nostra,On-going
779,CA810,15/05/2015,Cosa Nostra,On-going
780,CA811,12/07/2013,'Ndrangheta,On-going
781,CA812,19/11/2006,'Ndrangheta,On-going
782,CA813,27/05/2006,Cosa Nostra,On-going
783,CA814,08/07/2010,Sacra Corona Unita,On-going
784,CA815,23/07/2003,'Ndrangheta,On-going
785,CA816,11/06/2018,'Ndrangheta,On-going
786,CA817,06/03/2020,'Ndrangheta,On-going
787,CA818,10/07/2013,Sacra Corona Unita,On-going
788,CA819,22/05/2010,Sacra Corona Unita,On-going
789,CA820,06/08/2010,'Ndrangheta,On-going
790,CA821,29/10/2009,'Ndrangheta,On-going
791,CA822,28/06/2014,Cosa Nostra,On-going
792,CA823,23/07/2006,'Ndrangheta,Trial
793,CA824,01/02/2008,Cosa Nostra,Trial
794,CA825,24/01/2010,Cosa Nostra,On-going
795,CA826,19/03/2007,Sacra Corona Unita,On-going
796,CA827,12/03/2015,'Ndrangheta,Trial
797,CA828,26/03/2014,'Ndrangheta,On-going
798,CA829,08/06/2020,Cosa Nostra,On-going
799,CA830,04/01/2002,Camorra,On-going
800,CA831,27/04/2019,Cosa Nostra,On-going
801,CA832,06/01/2008,'Ndrangheta,Trial
802,CA833,23/06/2014,'Ndrangheta,On-going
803,CA834,23/03/2008,'Ndrangheta,On-going
804,CA835,11/08/2009,'Ndrangheta,On-going
805,CA836,12/02/2013,'Ndrangheta,On-going
806,CA837,16/01/2014,Sacra Corona Unita,On-going
807,CA838,01/08/2020,'Ndrangheta,Trial
808,CA839,04/03/2014,'Ndrangheta,On-going
809,CA840,22/03/2010,Cosa Nostra,On-going
810,CA841,09/01/2015,Cosa Nostra,On-going
811,CA842,04/02/2000,Cosa Nostra,On-going
812,CA843,03/03/2012,'Ndrangheta,On-going
813,CA844,21/03/2012,'Ndrangheta,On-going
814,CA845,12/03/2015,'Ndrangheta,On-going
815,CA846,10/01/2020,'Ndrangheta,On-going
816,CA847,03/01/2011,Cosa Nostra,Trial
817,CA848,17/05/2005,'Ndrangheta,Trial
818,CA849,15/07/2004,'Ndrangheta,On-going
819,CA850,20/01/2008,Sacra Corona Unita,On-going
820,CA851,27/07/2017,'Ndrangheta,On-going
821,CA852,23/09/2010,Camorra,On-going
822,CA853,17/11/2009,'Ndrangheta,On-going
823,CA854,16/07/2020,Sacra Corona Unita,On-going
824,CA855,20/03/2013,Cosa Nostra,On-going
825,CA857,02/01/2009,Cosa Nostra,On-going
826,CA858,21/07/2004,Cosa Nostra,On-going
827,CA859,10/04/2007,Camorra,On-going
828,CA860,29/04/2005,Cosa Nostra,On-going
829,CA861,01/09/2010,Camorra,On-going
830,CA862,06/06/2011,'Ndrangheta,On-going
831,CA863,26/01/2005,Cosa Nostra,On-going
832,CA864,22/12/2005,Cosa Nostra,On-going
833,CA865,02/04/2008,'Ndrangheta,On-going
834,CA866,01/03/2010,Camorra,On-going
835,CA867,14/04/2011,Camorra,On-going
836,CA868,29/07/2011,'Ndrangheta,Trial
837,CA869,13/06/2011,Cosa Nostra,On-going
838,CA870,23/04/2013,Sacra Corona Unita,On-going
839,CA871,31/05/2008,'Ndrangheta,On-going
840,CA872,28/07/2017,Cosa Nostra,Trial
841,CA873,18/11/2012,Cosa Nostra,Trial
842,CA874,15/06/2004,Cosa Nostra,On-going
843,CA875,08/11/2002,'Ndrangheta,On-going
844,CA876,17/12/2007,Sacra Corona Unita,Trial
845,CA877,29/04/2004,Camorra,On-going
846,CA878,17/04/2010,'Ndrangheta,On-going
847,CA879,23/01/2013,'Ndrangheta,On-going
848,CA880,01/05/2016,Cosa Nostra,Trial
849,CA881,21/12/2013,Sacra Corona Unita,On-going
850,CA882,19/11/2006,Cosa Nostra,On-going
851,CA883,17/01/2016,Cosa Nostra,On-going
852,CA884,17/01/2017,Cosa Nostra,On-going
853,CA885,17/02/2008,Cosa Nostra,On-going
854,CA886,10/05/2013,Cosa Nostra,Trial
855,CA887,05/06/2015,Cosa Nostra,On-going
856,CA888,11/12/2015,Sacra Corona Unita,On-going
857,CA889,06/08/2014,Sacra Corona Unita,On-going
858,CA890,01/03/2012,Sacra Corona Unita,On-going
859,CA891,07/05/2007,Camorra,On-going
860,CA892,14/07/2011,Sacra Corona Unita,On-going
861,CA894,11/01/2009,'Ndrangheta,On-going
862,CA895,26/05/2010,'Ndrangheta,On-going
863,CA896,15/07/2008,Camorra,On-going
864,CA897,21/06/2009,Cosa Nostra,On-going
865,CA898,24/11/2002,Cosa Nostra,On-going
866,CA899,30/01/2002,Cosa Nostra,On-going
867,CA900,01/09/2010,Sacra Corona Unita,On-going
868,CA901,18/07/2012,Cosa Nostra,On-going
869,CA902,28/10/2007,'Ndrangheta,On-going
870,CA903,19/01/2017,Cosa Nostra,On-going
871,CA904,08/01/2007,Camorra,Trial
872,CA905,12/08/2014,Sacra Corona Unita,On-going
873,CA906,16/07/2007,'Ndrangheta,On-going
874,CA907,29/08/2008,Cosa Nostra,On-going
875,CA908,18/07/2013,'Ndrangheta,On-going
876,CA909,25/12/2010,Camorra,On-going
877,CA910,25/08/2006,Sacra Corona Unita,On-going
878,CA911,03/01/2012,'Ndrangheta,On-going
879,CA912,25/10/2005,'Ndrangheta,Trial
880,CA913,05/04/2018,Camorra,On-going
881,CA914,22/03/2016,Sacra Corona Unita,On-going
882,CA915,09/10/2013,'Ndrangheta,Trial
883,CA916,28/12/2015,Cosa Nostra,On-going
884,CA917,03/01/2007,'Ndrangheta,Trial
885,CA918,01/11/2007,'Ndrangheta,On-going
886,CA919,02/12/2006,Cosa Nostra,Trial
887,CA920,25/05/2006,Sacra Corona Unita,Trial
888,CA921,12/02/2002,'Ndrangheta,Trial
889,CA922,20/08/2015,'Ndrangheta,On-going
890,CA923,27/02/2013,Cosa Nostra,On-going
891,CA924,18/07/2005,Camorra,On-going
892,CA925,11/04/2011,Cosa Nostra,On-going
893,CA926,23/01/2018,Sacra Corona Unita,On-going
894,CA927,09/12/2014,Cosa Nostra,Trial
895,CA928,24/10/2005,Cosa Nostra,On-going
896,CA929,31/03/2015,Sacra Corona Unita,On-going
897,CA930,11/03/2007,'Ndrangheta,On-going
898,CA931,25/07/2020,'Ndrangheta,On-going
899,CA932,06/09/2015,'Ndrangheta,On-going
900,CA933,20/12/2003,'Ndrangheta,On-going
901,CA934,13/03/2010,Camorra,On-going
902,CA935,28/04/2022,Sacra Corona Unita,On-going
903,CA936,28/10/2011,Cosa Nostra,On-going
904,CA937,31/01/2014,'Ndrangheta,Trial
905,CA938,20/04/2012,'Ndrangheta,Trial
906,CA939,11/08/2014,Sacra Corona Unita,On-going
907,CA940,15/10/2003,Camorra,Trial
908,CA941,12/11/2007,Cosa Nostra,On-going
909,CA942,31/10/2004,Sacra Corona Unita,On-going
910,CA943,23/09/2015,Camorra,On-going
911,CA944,28/04/2001,Camorra,Trial
912,CA945,11/06/2007,'Ndrangheta,Trial
913,CA946,20/09/2014,Sacra Corona Unita,Trial
914,CA947,28/03/2016,Cosa Nostra,On-going
915,CA948,10/10/2009,Cosa Nostra,On-going
916,CA949,16/03/2012,Sacra Corona Unita,On-going
917,CA950,23/09/2008,Cosa Nostra,On-going
918,CA951,22/08/2014,Sacra Corona Unita,On-going
919,CA952,02/05/2005,'Ndrangheta,On-going
920,CA953,29/05/2007,Cosa Nostra,On-going
921,CA954,12/10/2014,Cosa Nostra,Trial
922,CA955,07/02/2007,Camorra,Trial
923,CA956,18/07/2007,Cosa Nostra,On-going
924,CA957,17/08/2012,Cosa Nostra,On-going
925,CA958,16/08/2018,'Ndrangheta,On-going
926,CA959,15/05/2009,Sacra Corona Unita,On-going
927,CA960,23/01/2014,'Ndrangheta,On-going
928,CA961,27/09/2012,Cosa Nostra,On-going
929,CA962,29/10/2014,Cosa Nostra,On-going
930,CA963,06/02/2002,'Ndrangheta,Trial
931,CA964,20/12/2010,Cosa Nostra,On-going
932,CA965,12/08/2014,'Ndrangheta,On-going
933,CA966,03/06/2009,Cosa Nostra,Trial
934,CA967,01/07/2003,Camorra,On-going
935,CA968,02/09/2001,'Ndrangheta,Trial
936,CA969,17/03/2004,'Ndrangheta,On-going
937,CA970,01/06/2014,'Ndrangheta,Trial
938,CA971,30/08/2001,'Ndrangheta,On-going
939,CA972,14/12/2014,Cosa Nostra,Trial
940,CA973,12/09/2016,Cosa Nostra,Trial
941,CA974,29/02/2004,'Ndrangheta,On-going
942,CA976,27/02/2015,'Ndrangheta,On-going
943,CA977,11/09/2017,Cosa Nostra,On-going
944,CA978,20/01/2014,'Ndrangheta,Trial
945,CA979,12/02/2005,Camorra,On-going
946,CA980,19/08/2000,Cosa Nostra,On-going
947,CA981,08/03/2011,'Ndrangheta,On-going
948,CA982,19/03/2012,Camorra,On-going
949,CA983,22/10/2012,Cosa Nostra,On-going
950,CA984,19/01/2006,Cosa Nostra,On-going
951,CA985,04/02/2016,'Ndrangheta,On-going
952,CA986,30/10/2015,Sacra Corona Unita,On-going
953,CA987,09/02/2011,'Ndrangheta,On-going
954,CA988,03/11/2006,Cosa Nostra,Trial
955,CA989,19/08/2020,Cosa Nostra,On-going
956,CA990,11/07/2009,Cosa Nostra,On-going
957,CA991,21/07/2009,Cosa Nostra,Trial
958,CA992,11/12/2013,Sacra Corona Unita,On-going
959,CA993,11/02/2010,Sacra Corona Unita,On-going
960,CA994,04/03/2007,Sacra Corona Unita,On-going
961,CA995,03/05/2019,'Ndrangheta,On-going
962,CA996,08/08/2005,'Ndrangheta,Trial
963,CA997,25/02/2015,'Ndrangheta,On-going
964,CA998,23/09/2019,Cosa Nostra,On-going
965,CA999,09/08/2020,Sacra Corona Unita,On-going
966,CA1000,12/10/2007,'Ndrangheta,On-going
967,CA1001,19/01/2015,Camorra,Trial
968,CA1002,07/05/2003,Cosa Nostra,On-going
969,CA1003,25/04/2012,Cosa Nostra,Trial
970,CA1004,07/07/2008,Cosa Nostra,On-going
971,CA1005,03/08/2021,'Ndrangheta,On-going
972,CA1006,17/03/2015,Cosa Nostra,On-going
973,CA1007,10/08/2013,Cosa Nostra,On-going
974,CA1008,19/05/2016,Camorra,On-going
975,CA1009,27/09/2014,Camorra,On-going
976,CA1010,14/08/2020,'Ndrangheta,On-going
977,CA1011,15/12/2005,Sacra Corona Unita,Trial
978,CA1012,16/12/2021,'Ndrangheta,On-going
979,CA1013,31/12/2017,Cosa Nostra,On-going
980,CA1014,30/09/2005,Cosa Nostra,On-going
981,CA1015,06/02/2008,'Ndrangheta,On-going
982,CA1016,29/04/2002,Sacra Corona Unita,On-going
983,CA1017,22/04/2011,'Ndrangheta,On-going
984,CA1018,01/09/2008,'Ndrangheta,Trial
985,CA1019,16/04/2019,Cosa Nostra,On-going
986,CA1020,06/07/2009,Sacra Corona Unita,On-going
987,CA1021,04/04/2021,Camorra,Trial
988,CA1022,12/07/2005,Camorra,Trial
989,CA1023,20/12/2005,Sacra Corona Unita,Trial
990,CA1024,29/08/2012,Cosa Nostra,On-going
991,CA1025,08/11/2009,'Ndrangheta,Trial
992,CA1026,08/07/2015,'Ndrangheta,Trial
993,CA1027,23/01/2018,Camorra,On-going
994,CA1028,29/05/2010,Sacra Corona Unita,On-going
995,CA1029,26/11/2006,'Ndrangheta,On-going
996,CA1030,07/09/2018,'Ndrangheta,Trial
997,CA1031,31/08/2019,'Ndrangheta,On-going
998,CA1032,05/12/2007,'Ndrangheta,Trial
999,CA1033,11/12/2005,Camorra,Trial
1000,CA1034,09/11/2006,'Ndrangheta,On-going
1001,CA1035,19/09/2011,Cosa Nostra,On-going
1002,CA1036,13/01/2021,Cosa Nostra,On-going
1003,CA1037,17/09/2001,Cosa Nostra,On-going
1004,CA1038,09/03/2018,Sacra Corona Unita,On-going
1005,CA1039,01/07/2016,'Ndrangheta,On-going
1006,CA1040,03/07/2011,'Ndrangheta,On-going
1007,CA1041,22/01/2015,'Ndrangheta,On-going
1008,CA1042,23/02/2015,Cosa Nostra,On-going
1009,CA1043,08/08/2006,Sacra Corona Unita,On-going
1010,CA1044,28/12/2010,'Ndrangheta,On-going
1011,CA1045,02/04/2004,Sacra Corona Unita,On-going
1012,CA1046,19/04/2019,Sacra Corona Unita,On-going
1013,CA1047,25/06/2015,Cosa Nostra,Trial
1014,CA1048,02/06/2018,'Ndrangheta,On-going
1015,CA1049,22/06/2011,Sacra Corona Unita,On-going
1016,CA1050,08/08/2006,Cosa Nostra,On-going
1017,CA1051,09/06/2004,'Ndrangheta,On-going
1018,CA1053,28/02/2004,Cosa Nostra,On-going
1019,CA1054,11/03/2009,Camorra,On-going
1020,CA1055,04/04/2006,Sacra Corona Unita,On-going
1021,CA1056,26/10/2014,'Ndrangheta,On-going
1022,CA1057,03/03/2004,'Ndrangheta,On-going
1023,CA1058,22/10/2009,Camorra,Trial
1024,CA1059,13/08/2009,Camorra,On-going
1025,CA1060,22/02/2007,'Ndrangheta,On-going
1026,CA1061,24/04/2010,Sacra Corona Unita,On-going
1027,CA1062,22/05/2012,Cosa Nostra,On-going
1028,CA1063,23/07/2008,Cosa Nostra,On-going
1029,CA1064,29/05/2010,'Ndrangheta,Trial
1030,CA1065,05/02/2004,'Ndrangheta,On-going
1031,CA1066,20/08/2017,Cosa Nostra,Trial
1032,CA1067,21/07/2010,Sacra Corona Unita,On-going
1033,CA1068,26/11/2017,Camorra,On-going
1034,CA1069,23/02/2011,'Ndrangheta,Trial
1035,CA1070,19/09/2009,Cosa Nostra,Trial
1036,CA1071,08/09/2005,Sacra Corona Unita,On-going
1037,CA1072,27/09/2016,Camorra,On-going
1038,CA1073,26/07/2015,Cosa Nostra,On-going
1039,CA1074,10/11/2016,'Ndrangheta,Trial
1040,CA1075,27/03/2019,'Ndrangheta,On-going
1041,CA1077,07/08/2016,Cosa Nostra,Trial
1042,CA1078,26/09/2013,Cosa Nostra,On-going
1043,CA1079,09/01/2014,Cosa Nostra,On-going
1044,CA1080,20/02/2022,Sacra Corona Unita,Trial
1045,CA1081,23/08/2004,'Ndrangheta,On-going
1046,CA1082,03/07/2006,Sacra Corona Unita,On-going
1047,CA1083,26/09/2015,Camorra,On-going
1048,CA1084,27/08/2011,Cosa Nostra,On-going
1049,CA1085,21/10/2013,Camorra,Trial
1050,CA1086,02/12/2016,'Ndrangheta,On-going
1051,CA1087,12/02/2016,Cosa Nostra,Trial
1052,CA1088,15/01/2018,'Ndrangheta,On-going
1053,CA1089,02/09/2012,Cosa Nostra,On-going
1054,CA1090,26/01/2019,Sacra Corona Unita,On-going
1055,CA1091,24/11/2006,Cosa Nostra,On-going
1056,CA1092,29/04/2010,'Ndrangheta,On-going
1057,CA1093,11/01/2014,'Ndrangheta,On-going
1058,CA1094,02/05/2015,'Ndrangheta,On-going
1059,CA1095,18/08/2007,Sacra Corona Unita,On-going
1060,CA1096,24/09/2009,Cosa Nostra,On-going
1061,CA1097,13/01/2005,'Ndrangheta,On-going
1062,CA1098,08/09/2014,'Ndrangheta,On-going
1063,CA1099,14/01/2015,'Ndrangheta,On-going
1064,CA1100,28/01/2021,'Ndrangheta,On-going
1065,CA1101,17/10/2007,Camorra,On-going
1066,CA1102,19/02/2018,'Ndrangheta,On-going
1067,CA1103,05/12/2004,'Ndrangheta,On-going
1068,CA1104,26/05/2008,Cosa Nostra,On-going
1069,CA1105,13/04/2002,'Ndrangheta,On-going
1070,CA1106,05/08/2018,'Ndrangheta,Trial
1071,CA1107,20/07/2007,Cosa Nostra,On-going
1072,CA1108,13/12/2013,Sacra Corona Unita,On-going
1073,CA1109,05/07/2014,'Ndrangheta,On-going
1074,CA1110,18/09/2005,Camorra,On-going
1075,CA1111,29/09/2005,'Ndrangheta,Trial
1076,CA1112,19/11/2007,'Ndrangheta,On-going
1077,CA1113,01/04/2017,'Ndrangheta,On-going
1078,CA1114,06/09/2017,'Ndrangheta,On-going
1079,CA1115,05/07/2018,'Ndrangheta,On-going
1080,CA1116,27/07/2007,'Ndrangheta,On-going
1081,CA1117,15/05/2001,Camorra,Trial
1082,CA1119,19/05/2001,Sacra Corona Unita,Trial
1083,CA1120,20/11/2016,Cosa Nostra,On-going
1084,CA1121,01/10/2006,Camorra,On-going
1085,CA1122,31/05/2013,'Ndrangheta,On-going
1086,CA1123,06/10/2016,Sacra Corona Unita,On-going
1087,CA1124,08/02/2016,Camorra,On-going
1088,CA1125,07/06/2011,'Ndrangheta,On-going
1089,CA1126,12/01/2001,Cosa Nostra,On-going
1090,CA1127,13/06/2017,Cosa Nostra,Trial
1091,CA1128,12/12/2008,Cosa Nostra,On-going
1092,CA1129,16/09/2004,Cosa Nostra,On-going
1093,CA1130,15/08/2014,'Ndrangheta,On-going
1094,CA1131,28/09/2017,'Ndrangheta,On-going
1095,CA1132,07/03/2016,Camorra,On-going
1096,CA1133,23/02/2006,'Ndrangheta,On-going
1097,CA1134,18/08/2011,Cosa Nostra,On-going
1098,CA1135,06/12/2013,'Ndrangheta,On-going
1099,CA1136,18/06/2008,'Ndrangheta,On-going
1100,CA1137,20/05/2005,Cosa Nostra,Trial
1101,CA1138,29/04/2016,Cosa Nostra,On-going
1102,CA1139,11/03/2013,Cosa Nostra,On-going
1103,CA1140,29/09/2005,Sacra Corona Unita,On-going
1104,CA1141,12/02/2007,'Ndrangheta,On-going
1105,CA1142,21/04/2005,Cosa Nostra,On-going
1106,CA1143,18/02/2008,Cosa Nostra,On-going
1107,CA1144,24/08/2002,'Ndrangheta,On-going
1108,CA1146,07/03/2010,'Ndrangheta,On-going
1109,CA1147,18/09/2000,Cosa Nostra,On-going
1110,CA1148,09/02/2020,'Ndrangheta,On-going
1111,CA1149,25/10/2016,Cosa Nostra,On-going
1112,CA1150,01/04/2017,'Ndrangheta,On-going
1113,CA1151,22/12/2005,'Ndrangheta,On-going
1114,CA1152,31/08/2000,'Ndrangheta,On-going
1115,CA1153,26/12/2000,Camorra,Trial
1116,CA1154,19/05/2008,Sacra Corona Unita,On-going
1117,CA1155,20/09/2001,Cosa Nostra,On-going
1118,CA1156,25/01/2008,Sacra Corona Unita,On-going
1119,CA1157,09/02/2006,'Ndrangheta,On-going
1120,CA1158,11/07/2018,Sacra Corona Unita,On-going
1121,CA1159,09/02/2016,Camorra,On-going
1122,CA1160,18/11/2010,Cosa Nostra,On-going
1123,CA1161,25/02/2015,Sacra Corona Unita,On-going
1124,CA1162,12/12/2013,'Ndrangheta,On-going
1125,CA1163,21/11/2019,'Ndrangheta,On-going
1126,CA1164,14/03/2005,Sacra Corona Unita,On-going
1127,CA1165,27/04/2002,'Ndrangheta,On-going
1128,CA1166,13/06/2007,Camorra,On-going
1129,CA1167,15/07/2000,Cosa Nostra,On-going
1130,CA1168,01/12/2006,Camorra,On-going
1131,CA1169,12/09/2008,Sacra Corona Unita,On-going
1132,CA1170,07/02/2008,Cosa Nostra,On-going
1133,CA1171,26/08/2014,Sacra Corona Unita,On-going
1134,CA1172,01/08/2005,'Ndrangheta,On-going
1135,CA1173,04/08/2006,'Ndrangheta,On-going
1136,CA1174,15/10/2007,Sacra Corona Unita,On-going
1137,CA1175,11/06/2012,Sacra Corona Unita,On-going
1138,CA1176,13/07/2001,Sacra Corona Unita,Trial
1139,CA1177,13/06/2015,'Ndrangheta,On-going
1140,CA1178,28/08/2020,'Ndrangheta,Trial
1141,CA1179,28/01/2009,'Ndrangheta,On-going
1142,CA1180,14/01/2007,Cosa Nostra,Trial
1143,CA1181,06/07/2003,'Ndrangheta,On-going
1144,CA1182,11/02/2020,Sacra Corona Unita,On-going
1145,CA1183,05/06/2013,Cosa Nostra,Trial
1146,CA1184,05/03/2014,Camorra,On-going
1147,CA1185,10/06/2003,Camorra,On-going
1148,CA1186,03/02/2010,Camorra,Trial
1149,CA1187,06/10/2009,Cosa Nostra,On-going
1150,CA1188,02/01/2009,'Ndrangheta,On-going
1151,CA1189,15/12/2009,Cosa Nostra,On-going
1152,CA1190,29/08/2008,'Ndrangheta,On-going
1153,CA1191,01/07/2014,Camorra,On-going
1154,CA1192,31/10/2010,'Ndrangheta,On-going
1155,CA1193,02/07/2010,Cosa Nostra,Trial
1156,CA1194,16/10/2013,Sacra Corona Unita,On-going
1157,CA1195,08/12/2002,'Ndrangheta,On-going
1158,CA1196,04/02/2018,'Ndrangheta,On-going
1159,CA1197,13/10/2019,Sacra Corona Unita,On-going
1160,CA1198,12/10/2005,Sacra Corona Unita,Trial
1161,CA1199,06/12/2004,Cosa Nostra,Trial
1162,CA1200,28/02/2014,'Ndrangheta,Trial
1163,CA1201,01/06/2004,Sacra Corona Unita,On-going
1164,CA1202,16/07/2011,Cosa Nostra,Trial
1165,CA1203,04/04/2008,'Ndrangheta,On-going
1166,CA1204,06/07/2002,Sacra Corona Unita,On-going
1167,CA1205,10/07/2012,'Ndrangheta,On-going
1168,CA1206,14/04/2014,Camorra,On-going
1169,CA1207,21/03/2015,Cosa Nostra,On-going
1170,CA1209,14/04/2002,Cosa Nostra,On-going
1171,CA1210,05/04/2000,'Ndrangheta,On-going
1172,CA1211,02/03/2003,'Ndrangheta,On-going
1173,CA1212,07/07/2002,Cosa Nostra,Trial
1174,CA1213,14/01/2005,Camorra,Trial
1175,CA1214,27/02/2017,Camorra,On-going
1176,CA1215,02/11/2004,'Ndrangheta,On-going
1177,CA1216,06/06/2015,'Ndrangheta,On-going
1178,CA1217,28/11/2006,Cosa Nostra,On-going
1179,CA1218,08/03/2019,Cosa Nostra,On-going
1180,CA1219,26/09/2011,'Ndrangheta,On-going
1181,CA1220,03/08/2015,Cosa Nostra,Trial
1182,CA1221,08/07/2005,Sacra Corona Unita,On-going
1183,CA1222,29/12/2019,'Ndrangheta,Trial
1184,CA1223,25/05/2020,Sacra Corona Unita,Trial
1185,CA1224,07/12/2020,Sacra Corona Unita,Trial
1186,CA1225,08/06/2006,Cosa Nostra,Trial
1187,CA1226,26/10/2014,'Ndrangheta,On-going
1188,CA1227,05/05/2016,'Ndrangheta,On-going
1189,CA1228,04/04/2020,Cosa Nostra,On-going
1190,CA1229,29/07/2019,'Ndrangheta,On-going
1191,CA1230,23/07/2015,Camorra,On-going
1192,CA1231,03/02/2007,Cosa Nostra,On-going
1193,CA1232,04/06/2016,Sacra Corona Unita,Trial
1194,CA1233,16/05/2007,Sacra Corona Unita,Trial
1195,CA1234,07/04/2017,Sacra Corona Unita,Trial
1196,CA1235,29/01/2007,Sacra Corona Unita,On-going
1197,CA1236,20/10/2014,'Ndrangheta,On-going
1198,CA1237,21/06/2009,Cosa Nostra,On-going
1199,CA1238,16/10/2001,Sacra Corona Unita,On-going
1200,CA1239,19/09/2013,'Ndrangheta,On-going
1201,CA1240,25/04/2010,Cosa Nostra,On-going
1202,CA1241,18/11/2018,Cosa Nostra,On-going
1203,CA1242,06/07/2019,Camorra,On-going
1204,CA1243,03/04/2015,Cosa Nostra,On-going
1205,CA1244,18/01/2007,Sacra Corona Unita,On-going
1206,CA1245,05/06/2019,Sacra Corona Unita,On-going
1207,CA1246,04/05/2003,Cosa Nostra,Trial
1208,CA1247,10/08/2017,'Ndrangheta,Trial
1209,CA1248,12/07/2014,Cosa Nostra,Trial
1210,CA1249,24/07/2018,'Ndrangheta,Trial
1211,CA1250,08/08/2003,'Ndrangheta,Trial
1212,CA1251,21/08/2017,'Ndrangheta,On-going
1213,CA1252,23/08/2010,Cosa Nostra,On-going
1214,CA1253,16/01/2007,Camorra,On-going
1215,CA1254,19/03/2007,Sacra Corona Unita,On-going
1216,CA1255,04/11/2006,Cosa Nostra,Trial
1217,CA1256,25/06/2017,'Ndrangheta,Trial
1218,CA1257,09/10/2016,Camorra,On-going
1219,CA1258,15/06/2001,'Ndrangheta,On-going
1220,CA1259,29/02/2012,'Ndrangheta,On-going
1221,CA1260,24/07/2007,Cosa Nostra,On-going
1222,CA1261,25/10/2011,Sacra Corona Unita,Trial
1223,CA1262,13/10/2008,Sacra Corona Unita,On-going
1224,CA1263,01/03/2008,Cosa Nostra,On-going
1225,CA1264,26/04/2014,Sacra Corona Unita,On-going
1226,CA1265,23/05/2004,Camorra,Trial
1227,CA1266,09/09/2005,'Ndrangheta,On-going
1228,CA1267,12/10/2016,Cosa Nostra,On-going
1229,CA1268,29/03/2013,Camorra,On-going
1230,CA1269,11/09/2003,'Ndrangheta,On-going
1231,CA1270,04/06/2014,Cosa Nostra,On-going
1232,CA1271,19/04/2014,Camorra,Trial
1233,CA1272,17/03/2009,Cosa Nostra,On-going
1234,CA1273,23/03/2008,Cosa Nostra,On-going
1235,CA1274,01/12/2015,Cosa Nostra,On-going
1236,CA1275,24/03/2008,Sacra Corona Unita,Trial
1237,CA1276,20/09/2012,Camorra,Trial
1238,CA1277,29/10/2010,'Ndrangheta,On-going
1239,CA1278,22/01/2011,'Ndrangheta,On-going
1240,CA1279,04/03/2008,Sacra Corona Unita,Trial
1241,CA1280,16/04/2012,Cosa Nostra,On-going
1242,CA1281,13/12/2001,Sacra Corona Unita,Trial
1243,CA1282,21/11/2010,Cosa Nostra,Trial
1244,CA1283,03/03/2010,Camorra,Trial
1245,CA1284,03/11/2011,Camorra,On-going
1246,CA1285,14/08/2005,'Ndrangheta,Trial
1247,CA1286,13/04/2015,'Ndrangheta,On-going
1248,CA1287,25/06/2011,'Ndrangheta,On-going
1249,CA1288,28/11/2002,Camorra,On-going
1250,CA1289,24/08/2019,Camorra,On-going
1251,CA1290,28/05/2014,'Ndrangheta,Trial
1252,CA1291,18/08/2007,Cosa Nostra,On-going
1253,CA1292,14/12/2002,'Ndrangheta,Trial
1254,CA1293,05/08/2012,'Ndrangheta,On-going
1255,CA1294,08/05/2019,Sacra Corona Unita,On-going
1256,CA1295,30/08/2010,Camorra,Trial
1257,CA1296,16/05/2009,Camorra,On-going
1258,CA1297,14/05/2019,Sacra Corona Unita,On-going
1259,CA1298,23/01/2011,'Ndrangheta,Trial
1260,CA1299,18/10/2003,Cosa Nostra,On-going
1261,CA1300,30/07/2007,Sacra Corona Unita,On-going
1262,CA1301,09/07/2005,Cosa Nostra,On-going
1263,CA1302,17/07/2005,Camorra,On-going
1264,CA1303,13/04/2007,Sacra Corona Unita,On-going
1265,CA1304,19/02/2012,Camorra,On-going
1266,CA1305,15/05/2002,Cosa Nostra,On-going
1267,CA1306,03/07/2010,Cosa Nostra,On-going
1268,CA1307,17/05/2012,Camorra,On-going
1269,CA1308,07/02/2003,Cosa Nostra,On-going
1270,CA1309,16/08/2002,'Ndrangheta,Trial
1271,CA1310,13/08/2001,Cosa Nostra,On-going
1272,CA1311,25/08/2004,'Ndrangheta,On-going
1273,CA1312,12/04/2015,'Ndrangheta,Trial
1274,CA1313,06/12/2009,Cosa Nostra,On-going
1275,CA1314,12/05/2009,Camorra,On-going
1276,CA1315,27/05/2015,Cosa Nostra,On-going
1277,CA1316,12/01/2008,'Ndrangheta,Trial
1278,CA1317,20/02/2007,Cosa Nostra,On-going
1279,CA1318,23/06/2010,Sacra Corona Unita,On-going
1280,CA1319,17/06/2009,'Ndrangheta,On-going
1281,CA1320,04/12/2008,Cosa Nostra,On-going
1282,CA1321,08/06/2013,Cosa Nostra,On-going
1283,CA1322,02/08/2018,Camorra,Trial
1284,CA1323,04/11/2006,Cosa Nostra,On-going
1285,CA1324,11/03/2014,'Ndrangheta,On-going
1286,CA1325,26/12/2005,'Ndrangheta,On-going
1287,CA1326,03/01/2009,Cosa Nostra,Trial
1288,CA1327,28/11/2017,Cosa Nostra,On-going
1289,CA1328,12/06/2016,Camorra,On-going
1290,CA1329,21/12/2009,'Ndrangheta,On-going
1291,CA1330,18/08/2005,Sacra Corona Unita,On-going
1292,CA1331,13/04/2012,Cosa Nostra,On-going
1293,CA1332,10/02/2012,Camorra,On-going
1294,CA1333,15/08/2006,Cosa Nostra,On-going
1295,CA1334,08/01/2006,'Ndrangheta,Trial
1296,CA1335,04/05/2016,Cosa Nostra,On-going
1297,CA1336,05/09/2019,Sacra Corona Unita,On-going
1298,CA1337,05/07/2008,'Ndrangheta,On-going
1299,CA1338,25/05/2012,Cosa Nostra,On-going
1300,CA1339,12/10/2012,Cosa Nostra,On-going
1301,CA1340,03/06/2013,'Ndrangheta,On-going
1302,CA1341,13/03/2020,'Ndrangheta,On-going
1303,CA1342,10/05/2010,Cosa Nostra,Trial
1304,CA1343,12/01/2008,Cosa Nostra,On-going
1305,CA1344,03/12/2013,Cosa Nostra,On-going
1306,CA1345,27/06/2006,Sacra Corona Unita,On-going
1307,CA1346,22/08/2007,Camorra,On-going
1308,CA1347,17/08/2016,Cosa Nostra,On-going
1309,CA1348,06/06/2003,'Ndrangheta,On-going
1310,CA1349,25/12/2013,Cosa Nostra,Trial
1311,CA1350,25/06/2020,'Ndrangheta,On-going
1312,CA1351,03/07/2007,'Ndrangheta,On-going
1313,CA1352,20/10/2013,Camorra,On-going
1314,CA1353,05/03/2002,Sacra Corona Unita,On-going
1315,CA1354,22/06/2006,'Ndrangheta,On-going
1316,CA1355,17/12/2014,Cosa Nostra,On-going
1317,CA1356,11/03/2021,'Ndrangheta,On-going
1318,CA1357,03/10/2009,Cosa Nostra,On-going
1319,CA1358,15/09/2012,Sacra Corona Unita,On-going
1320,CA1359,10/07/2014,Cosa Nostra,Trial
1321,CA1360,04/08/2010,Cosa Nostra,Trial
1322,CA1361,25/12/2013,Cosa Nostra,On-going
1323,CA1362,06/05/2004,Sacra Corona Unita,On-going
1324,CA1363,06/04/2002,Cosa Nostra,On-going
1325,CA1364,09/12/2017,Camorra,On-going
1326,CA1365,12/12/2016,'Ndrangheta,On-going
1327,CA1366,06/01/2014,Camorra,On-going
1328,CA1367,16/08/2010,'Ndrangheta,On-going
1329,CA1368,18/01/2013,Cosa Nostra,On-going
1330,CA1369,18/11/2012,Sacra Corona Unita,Trial
1331,CA1370,08/06/2002,'Ndrangheta,On-going
1332,CA1371,25/05/2012,Cosa Nostra,Trial
1333,CA1372,28/04/2010,Sacra Corona Unita,On-going
1334,CA1373,02/07/2010,'Ndrangheta,On-going
1335,CA1374,07/03/2014,Camorra,On-going
1336,CA1375,11/11/2013,'Ndrangheta,On-going
1337,CA1376,14/10/2004,Camorra,On-going
1338,CA1377,02/05/2009,Cosa Nostra,On-going
1339,CA1378,10/11/2018,Cosa Nostra,On-going
1340,CA1379,01/06/2020,Cosa Nostra,On-going
1341,CA1380,10/01/2012,Cosa Nostra,On-going
1342,CA1381,04/10/2012,Cosa Nostra,On-going
1343,CA1382,11/12/2020,Cosa Nostra,On-going
1344,CA1383,01/02/2014,Cosa Nostra,Trial
1345,CA1384,27/08/2007,Sacra Corona Unita,On-going
1346,CA1385,13/01/2019,Cosa Nostra,Trial
1347,CA1386,11/02/2010,'Ndrangheta,Trial
1348,CA1387,17/09/2013,Sacra Corona Unita,On-going
1349,CA1388,27/07/2002,Camorra,On-going
1350,CA1389,12/09/2006,Cosa Nostra,On-going
1351,CA1390,03/09/2009,'Ndrangheta,On-going
1352,CA1391,04/05/2004,'Ndrangheta,On-going
1353,CA1392,24/02/2013,Camorra,On-going
1354,CA1393,16/05/2011,Sacra Corona Unita,On-going
1355,CA1394,22/03/2009,Cosa Nostra,On-going
1356,CA1395,01/04/2005,Cosa Nostra,On-going
1357,CA1396,02/12/2007,Camorra,Trial
1358,CA1397,21/02/2008,Cosa Nostra,On-going
1359,CA1398,16/09/2001,'Ndrangheta,On-going
1360,CA1399,14/12/2013,Cosa Nostra,On-going
1361,CA1400,04/02/2017,Cosa Nostra,On-going
1362,CA1401,28/07/2012,Camorra,On-going
1363,CA1402,22/12/2011,Cosa Nostra,On-going
1364,CA1404,04/11/2011,Sacra Corona Unita,On-going
1365,CA1405,01/11/2008,Cosa Nostra,On-going
1366,CA1406,07/03/2013,Sacra Corona Unita,On-going
1367,CA1407,24/04/2004,Cosa Nostra,Trial
1368,CA1408,21/10/2001,Camorra,On-going
1369,CA1409,07/02/2008,Cosa Nostra,Trial
1370,CA1410,18/04/2011,Sacra Corona Unita,On-going
1371,CA1411,30/01/2009,Sacra Corona Unita,Trial
1372,CA1412,02/12/2014,Cosa Nostra,On-going
1373,CA1413,07/03/2008,Cosa Nostra,On-going
1374,CA1414,07/04/2013,Cosa Nostra,Trial
1375,CA1415,11/02/2003,Sacra Corona Unita,On-going
1376,CA1416,27/03/2022,Sacra Corona Unita,On-going
1377,CA1417,28/08/2003,Camorra,On-going
1378,CA1418,27/01/2015,Cosa Nostra,On-going
1379,CA1419,02/05/2007,'Ndrangheta,On-going
1380,CA1420,22/10/2020,Sacra Corona Unita,Trial
1381,CA1421,02/12/2011,'Ndrangheta,On-going
1382,CA1422,17/03/2009,Sacra Corona Unita,On-going
1383,CA1423,10/11/2000,Sacra Corona Unita,On-going
1384,CA1424,02/11/2010,Cosa Nostra,On-going
1385,CA1425,11/05/2003,Cosa Nostra,On-going
1386,CA1426,17/02/2011,Camorra,On-going
1387,CA1427,21/06/2002,Camorra,On-going
1388,CA1428,23/10/2007,Camorra,On-going
1389,CA1429,18/01/2014,Cosa Nostra,On-going
1390,CA1430,07/05/2015,Cosa Nostra,On-going
1391,CA1431,23/10/2011,'Ndrangheta,Trial
1392,CA1432,19/03/2019,'Ndrangheta,On-going
1393,CA1433,28/06/2008,'Ndrangheta,Trial
1394,CA1434,24/11/2004,'Ndrangheta,On-going
1395,CA1435,03/02/2020,Sacra Corona Unita,On-going
1396,CA1436,21/02/2014,Cosa Nostra,On-going
1397,CA1437,04/03/2014,Sacra Corona Unita,On-going
1398,CA1438,07/11/2014,Cosa Nostra,Trial
1399,CA1439,07/12/2012,Cosa Nostra,On-going
1400,CA1440,16/03/2020,Camorra,On-going
1401,CA1441,02/02/2021,Cosa Nostra,On-going
1402,CA1442,07/12/2016,'Ndrangheta,Trial
1403,CA1443,22/10/2017,'Ndrangheta,Trial
1404,CA1444,08/12/2005,Sacra Corona Unita,On-going
1405,CA1445,30/12/2006,'Ndrangheta,On-going
1406,CA1446,16/07/2017,Camorra,On-going
1407,CA1447,28/03/2016,'Ndrangheta,Trial
1408,CA1448,13/06/2019,Cosa Nostra,On-going
1409,CA1449,26/11/2001,Cosa Nostra,On-going
1410,CA1450,22/12/2006,Camorra,Trial
1411,CA1451,18/11/2019,'Ndrangheta,On-going
1412,CA1452,13/12/2010,Camorra,Trial
1413,CA1453,13/07/2014,'Ndrangheta,On-going
1414,CA1454,08/08/2016,'Ndrangheta,On-going
1415,CA1455,12/11/2001,'Ndrangheta,On-going
1416,CA1456,27/11/2014,Sacra Corona Unita,On-going
1417,CA1457,01/01/2015,Camorra,On-going
1418,CA1458,14/08/2011,Cosa Nostra,On-going
1419,CA1459,15/12/2007,Cosa Nostra,On-going
1420,CA1460,20/07/2001,'Ndrangheta,On-going
1421,CA1461,12/11/2005,Cosa Nostra,On-going
1422,CA1462,10/02/2013,Cosa Nostra,On-going
1423,CA1463,24/08/2020,Cosa Nostra,Trial
1424,CA1464,20/08/2008,Cosa Nostra,Trial
1425,CA1465,09/09/2012,'Ndrangheta,On-going
1426,CA1466,29/12/2016,Camorra,On-going
1427,CA1467,20/01/2011,'Ndrangheta,On-going
1428,CA1468,14/03/2014,Cosa Nostra,On-going
1429,CA1469,30/12/2021,'Ndrangheta,On-going
1430,CA1470,03/10/2002,'Ndrangheta,On-going
1431,CA1471,15/07/2015,Cosa Nostra,On-going
1432,CA1472,20/12/2010,'Ndrangheta,On-going
1433,CA1473,16/03/2010,Cosa Nostra,On-going
1434,CA1474,24/04/2017,'Ndrangheta,On-going
1435,CA1475,24/05/2020,Cosa Nostra,On-going
1436,CA1476,20/12/2018,'Ndrangheta,On-going
1437,CA1477,28/10/2019,'Ndrangheta,On-going
1438,CA1478,26/11/2021,'Ndrangheta,Trial
1439,CA1479,07/04/2009,Sacra Corona Unita,Trial
1440,CA1480,24/04/2009,'Ndrangheta,On-going
1441,CA1481,25/10/2005,Camorra,On-going
1442,CA1482,08/08/2011,Cosa Nostra,Trial
1443,CA1483,06/01/2013,'Ndrangheta,On-going
1444,CA1484,08/01/2008,Camorra,On-going
1445,CA1485,05/06/2015,'Ndrangheta,On-going
1446,CA1486,10/10/2011,Cosa Nostra,On-going
1447,CA1487,18/11/2006,'Ndrangheta,On-going
1448,CA1488,10/06/2013,'Ndrangheta,On-going
1449,CA1489,30/08/2014,Cosa Nostra,On-going
1450,CA1490,05/10/2001,'Ndrangheta,Trial
1451,CA1491,19/01/2003,Camorra,Trial
1452,CA1492,22/08/2011,Sacra Corona Unita,Trial
1453,CA1493,14/09/2012,'Ndrangheta,Trial
1454,CA1494,20/04/2021,Cosa Nostra,On-going
1455,CA1495,24/04/2013,'Ndrangheta,Trial
1456,CA1496,25/09/2020,'Ndrangheta,On-going
1457,CA1497,06/05/2004,Cosa Nostra,On-going
1458,CA1498,28/11/2020,'Ndrangheta,On-going
1459,CA1499,14/01/2010,Camorra,On-going
1460,CA1500,20/01/2013,Camorra,On-going
1461,CA1501,26/12/2015,Camorra,On-going
1462,CA1502,21/02/2010,Camorra,On-going
1463,CA1503,05/06/2018,Sacra Corona Unita,On-going
1464,CA1504,13/10/2008,'Ndrangheta,Trial
1465,CA1505,26/02/2008,'Ndrangheta,On-going
1466,CA1506,23/05/2004,Camorra,On-going
1467,CA1507,14/04/2018,'Ndrangheta,On-going
1468,CA1508,20/08/2014,Cosa Nostra,Trial
1469,CA1509,08/10/2014,Cosa Nostra,On-going
1470,CA1510,10/12/2004,Cosa Nostra,On-going
1471,CA1511,20/09/2004,Sacra Corona Unita,On-going
1472,CA1512,21/03/2013,'Ndrangheta,Trial
1473,CA1513,31/12/2009,'Ndrangheta,On-going
1474,CA1514,09/06/2020,Camorra,On-going
1475,CA1515,17/05/2011,'Ndrangheta,On-going
1476,CA1516,04/03/2011,Camorra,On-going
1477,CA1517,28/09/2004,'Ndrangheta,On-going
1478,CA1518,03/03/2011,'Ndrangheta,On-going
1479,CA1519,16/12/2011,'Ndrangheta,On-going
1480,CA1520,28/11/2001,Cosa Nostra,On-going
1481,CA1521,09/09/2020,Camorra,On-going
1482,CA1522,04/11/2020,Camorra,Trial
1483,CA1523,06/12/2015,'Ndrangheta,On-going
1484,CA1524,02/07/2001,Sacra Corona Unita,On-going
1485,CA1525,06/06/2019,Cosa Nostra,On-going
1486,CA1526,11/11/2010,'Ndrangheta,On-going
1487,CA1527,05/12/2013,Sacra Corona Unita,Trial
1488,CA1528,02/12/2017,Cosa Nostra,On-going
1489,CA1529,10/04/2012,'Ndrangheta,On-going
1490,CA1530,30/12/2006,Camorra,On-going
1491,CA1531,06/03/2015,'Ndrangheta,On-going
1492,CA1532,16/09/2001,Cosa Nostra,On-going
1493,CA1533,16/08/2019,'Ndrangheta,On-going
1494,CA1534,30/06/2012,Cosa Nostra,On-going
1495,CA1535,21/07/2003,Cosa Nostra,On-going
1496,CA1536,20/09/2011,Camorra,On-going
1497,CA1537,12/09/2021,Sacra Corona Unita,On-going
1498,CA1538,18/10/2020,'Ndrangheta,On-going
1499,CA1539,16/03/2020,Cosa Nostra,On-going
1500,CA1540,08/10/2013,'Ndrangheta,On-going
1501,CA1541,12/04/2008,Cosa Nostra,On-going
1502,CA1542,14/10/2014,Sacra Corona Unita,On-going
1503,CA1543,02/03/2010,'Ndrangheta,On-going
1504,CA1544,26/06/2006,'Ndrangheta,Trial
1505,CA1545,02/06/2013,'Ndrangheta,On-going
1506,CA1546,17/08/2008,Sacra Corona Unita,On-going
1507,CA1547,25/12/2012,Sacra Corona Unita,On-going
1508,CA1548,21/11/2007,Camorra,Trial
1509,CA1549,13/05/2013,'Ndrangheta,On-going
1510,CA1550,04/03/2010,Camorra,On-going
1511,CA1551,26/08/2015,Cosa Nostra,On-going
1512,CA1552,08/08/2003,Cosa Nostra,On-going
1513,CA1553,01/06/2014,Camorra,On-going
1514,CA1554,19/03/2005,'Ndrangheta,On-going
1515,CA1555,14/02/2003,'Ndrangheta,On-going
1516,CA1556,25/10/2016,'Ndrangheta,Trial
1517,CA1557,30/10/2014,Sacra Corona Unita,On-going
1518,CA1558,14/01/2010,'Ndrangheta,Trial
1519,CA1559,15/06/2005,Cosa Nostra,On-going
1520,CA1560,04/05/2018,'Ndrangheta,On-going
1521,CA1561,23/06/2013,'Ndrangheta,On-going
1522,CA1562,19/02/2004,Sacra Corona Unita,On-going
1523,CA1563,16/07/2014,Cosa Nostra,On-going
1524,CA1564,23/05/2013,Cosa Nostra,On-going
1525,CA1565,24/01/2010,Cosa Nostra,On-going
1526,CA1566,28/07/2003,Sacra Corona Unita,Trial
1527,CA1567,14/09/2006,Sacra Corona Unita,On-going
1528,CA1568,21/10/2006,'Ndrangheta,On-going
1529,CA1569,30/09/2010,Camorra,On-going
1530,CA1570,08/12/2015,'Ndrangheta,Trial
1531,CA1571,23/01/2011,'Ndrangheta,On-going
1532,CA1572,24/01/2005,'Ndrangheta,On-going
1533,CA1573,14/11/2006,'Ndrangheta,Trial
1534,CA1574,10/03/2020,Cosa Nostra,Trial
1535,CA1575,29/06/2004,Cosa Nostra,On-going
1536,CA1576,22/10/2007,Camorra,On-going
1537,CA1577,04/10/2020,Sacra Corona Unita,On-going
1538,CA1578,29/11/2013,Camorra,Trial
1539,CA1579,17/01/2016,Camorra,On-going
1540,CA1580,01/01/2003,Camorra,On-going
1541,CA1581,26/07/2010,Cosa Nostra,On-going
1542,CA1582,23/02/2013,Camorra,On-going
1543,CA1583,03/03/2018,Sacra Corona Unita,On-going
1544,CA1584,19/04/2015,Cosa Nostra,On-going
1545,CA1585,08/01/2012,Camorra,On-going
1546,CA1586,03/09/2004,Sacra Corona Unita,Trial
1547,CA1587,24/04/2007,'Ndrangheta,On-going
1548,CA1588,28/10/2018,Camorra,On-going
1549,CA1589,10/06/2012,Sacra Corona Unita,On-going
1550,CA1590,03/11/2016,'Ndrangheta,On-going
1551,CA1591,29/08/2009,Camorra,On-going
1552,CA1592,20/02/2016,Sacra Corona Unita,On-going
1553,CA1593,01/04/2005,Sacra Corona Unita,On-going
1554,CA1594,12/06/2004,Cosa Nostra,Trial
1555,CA1595,11/04/2002,'Ndrangheta,Trial
1556,CA1596,03/06/2017,Cosa Nostra,Trial
1557,CA1597,03/09/2000,Cosa Nostra,On-going
1558,CA1598,01/04/2013,Cosa Nostra,On-going
1559,CA1599,03/08/2010,Cosa Nostra,Trial
1560,CA1600,02/10/2007,Sacra Corona Unita,On-going
1561,CA1601,30/11/2018,'Ndrangheta,On-going
1562,CA1602,05/08/2019,Cosa Nostra,On-going
1563,CA1603,09/07/2007,'Ndrangheta,Trial
1564,CA1604,05/08/2009,Sacra Corona Unita,On-going
1565,CA1605,03/04/2007,Cosa Nostra,On-going
1566,CA1606,24/04/2014,Sacra Corona Unita,On-going
1567,CA1607,06/11/2010,'Ndrangheta,On-going
1568,CA1608,08/06/2018,Cosa Nostra,Trial
1569,CA1609,16/08/2000,'Ndrangheta,On-going
1570,CA1610,07/10/2010,Cosa Nostra,On-going
1571,CA1611,01/06/2016,'Ndrangheta,On-going
1572,CA1612,07/05/2012,Sacra Corona Unita,On-going
1573,CA1613,18/07/2019,'Ndrangheta,On-going
1574,CA1614,07/11/2008,'Ndrangheta,On-going
1575,CA1615,10/08/2013,Sacra Corona Unita,On-going
1576,CA1616,10/01/2015,'Ndrangheta,On-going
1577,CA1617,24/06/2009,'Ndrangheta,On-going
1578,CA1618,07/05/2005,'Ndrangheta,On-going
1579,CA1619,13/01/2015,'Ndrangheta,On-going
1580,CA1620,10/11/2006,Cosa Nostra,On-going
1581,CA1621,13/04/2003,Cosa Nostra,On-going
1582,CA1622,31/03/2002,Cosa Nostra,Trial
1583,CA1623,07/03/2010,'Ndrangheta,On-going
1584,CA1624,23/11/2013,'Ndrangheta,On-going
1585,CA1625,05/02/2021,'Ndrangheta,On-going
1586,CA1626,29/06/2012,Cosa Nostra,Trial
1587,CA1627,21/07/2011,'Ndrangheta,Trial
1588,CA1628,03/03/2011,Sacra Corona Unita,On-going
1589,CA1630,25/10/2007,'Ndrangheta,On-going
1590,CA1631,29/04/2013,'Ndrangheta,On-going
1591,CA1632,30/06/2006,Sacra Corona Unita,On-going
1592,CA1633,02/10/2014,'Ndrangheta,On-going
1593,CA1634,16/04/2010,'Ndrangheta,On-going
1594,CA1635,11/03/2010,'Ndrangheta,On-going
1595,CA1636,31/07/2010,Sacra Corona Unita,On-going
1596,CA1637,23/08/2016,'Ndrangheta,On-going
1597,CA1638,07/02/2003,Camorra,On-going
1598,CA1639,13/09/2011,Sacra Corona Unita,On-going
1599,CA1640,22/02/2005,Cosa Nostra,On-going
1600,CA1641,24/01/2013,Cosa Nostra,Trial
1601,CA1642,28/03/2009,Camorra,On-going
1602,CA1643,25/08/2011,Sacra Corona Unita,On-going
1603,CA1644,22/01/2009,Camorra,On-going
1604,CA1645,09/11/2017,Cosa Nostra,On-going
1605,CA1646,04/04/2015,Cosa Nostra,On-going
1606,CA1647,07/08/2009,Sacra Corona Unita,On-going
1607,CA1648,17/06/2004,Cosa Nostra,On-going
1608,CA1649,21/04/2017,'Ndrangheta,On-going
1609,CA1650,27/02/2014,'Ndrangheta,On-going
1610,CA1651,14/03/2019,Cosa Nostra,On-going
1611,CA1652,28/07/2013,Camorra,On-going
1612,CA1653,16/02/2012,Cosa Nostra,On-going
1613,CA1654,25/02/2013,Sacra Corona Unita,On-going
1614,CA1655,11/04/2007,'Ndrangheta,On-going
1615,CA1656,06/10/2011,'Ndrangheta,Trial
1616,CA1657,05/04/2008,Camorra,Trial
1617,CA1658,07/10/2013,'Ndrangheta,On-going
1618,CA1659,22/12/2013,Sacra Corona Unita,On-going
1619,CA1660,14/08/2013,Camorra,On-going
1620,CA1661,03/02/2012,Camorra,On-going
1621,CA1662,20/08/2014,Cosa Nostra,On-going
1622,CA1663,04/04/2010,Camorra,On-going
1623,CA1664,30/12/2006,Sacra Corona Unita,On-going
1624,CA1665,19/11/2013,Camorra,On-going
1625,CA1666,22/05/2002,Sacra Corona Unita,Trial
1626,CA1667,27/12/2016,Cosa Nostra,On-going
1627,CA1668,04/04/2008,Cosa Nostra,Trial
1628,CA1669,14/06/2006,Sacra Corona Unita,Trial
1629,CA1670,23/03/2007,Sacra Corona Unita,On-going
1630,CA1671,18/08/2018,Camorra,On-going
1631,CA1672,31/05/2013,Cosa Nostra,On-going
1632,CA1673,09/02/2013,'Ndrangheta,On-going
1633,CA1674,12/03/2022,'Ndrangheta,On-going
1634,CA1675,16/10/2009,Cosa Nostra,On-going
1635,CA1676,12/06/2013,Camorra,Trial
1636,CA1677,30/09/2017,Camorra,On-going
1637,CA1678,29/09/2008,Cosa Nostra,On-going
1638,CA1679,04/09/2006,Sacra Corona Unita,On-going
1639,CA1680,17/01/2015,Cosa Nostra,Trial
1640,CA1681,27/08/2002,Cosa Nostra,On-going
1641,CA1682,02/08/2008,Cosa Nostra,On-going
1642,CA1683,18/04/2016,'Ndrangheta,On-going
1643,CA1684,22/01/2009,'Ndrangheta,On-going
1644,CA1685,11/08/2005,'Ndrangheta,On-going
1645,CA1686,25/07/2018,Camorra,On-going
1646,CA1687,18/02/2007,Sacra Corona Unita,On-going
1647,CA1688,27/07/2011,Sacra Corona Unita,On-going
1648,CA1689,05/01/2005,Cosa Nostra,On-going
1649,CA1690,25/05/2003,Sacra Corona Unita,On-going
1650,CA1691,26/02/2008,Sacra Corona Unita,On-going
1651,CA1692,22/09/2003,'Ndrangheta,On-going
1652,CA1693,11/07/2015,Cosa Nostra,On-going
1653,CA1694,09/02/2022,Camorra,On-going
1654,CA1695,09/07/2016,Sacra Corona Unita,On-going
1655,CA1696,25/09/2008,'Ndrangheta,On-going
1656,CA1697,12/11/2009,Sacra Corona Unita,On-going
1657,CA1698,13/02/2015,'Ndrangheta,On-going
1658,CA1699,04/10/2018,Sacra Corona Unita,On-going
1659,CA1700,20/06/2021,Cosa Nostra,On-going
1660,CA1701,30/01/2013,Sacra Corona Unita,On-going
1661,CA1702,14/07/2001,Camorra,On-going
1662,CA1703,14/04/2012,Camorra,On-going
1663,CA1704,01/01/2006,'Ndrangheta,Trial
1664,CA1705,19/12/2007,'Ndrangheta,On-going
1665,CA1706,10/09/2019,Cosa Nostra,Trial
1666,CA1707,01/09/2012,Sacra Corona Unita,Trial
1667,CA1708,14/01/2018,Sacra Corona Unita,On-going
1668,CA1709,02/05/2013,Camorra,On-going
1669,CA1710,22/06/2011,Camorra,On-going
1670,CA1711,13/02/2006,Cosa Nostra,On-going
1671,CA1712,25/03/2003,'Ndrangheta,On-going
1672,CA1713,25/07/2002,'Ndrangheta,Trial
1673,CA1714,15/10/2005,Camorra,On-going
1674,CA1715,17/08/2007,Cosa Nostra,On-going
1675,CA1716,13/05/2017,Sacra Corona Unita,On-going
1676,CA1717,15/11/2005,'Ndrangheta,On-going
1677,CA1718,24/02/2015,'Ndrangheta,On-going
1678,CA1719,15/02/2010,'Ndrangheta,On-going
1679,CA1720,05/12/2019,'Ndrangheta,On-going
1680,CA1721,16/09/2010,Camorra,On-going
1681,CA1722,20/01/2007,Cosa Nostra,On-going
1682,CA1723,17/12/2013,'Ndrangheta,On-going
1683,CA1724,16/02/2009,'Ndrangheta,On-going
1684,CA1725,26/09/2006,Sacra Corona Unita,On-going
1685,CA1726,02/11/2017,Sacra Corona Unita,On-going
1686,CA1727,04/07/2000,Cosa Nostra,On-going
1687,CA1728,01/06/2011,'Ndrangheta,On-going
1688,CA1729,21/10/2012,Cosa Nostra,Trial
1689,CA1730,08/11/2001,Cosa Nostra,On-going
1690,CA1731,28/06/2007,Cosa Nostra,On-going
1691,CA1732,17/02/2019,Cosa Nostra,On-going
1692,CA1733,12/08/2013,'Ndrangheta,On-going
1693,CA1734,01/12/2001,Sacra Corona Unita,On-going
1694,CA1735,15/12/2018,'Ndrangheta,On-going
1695,CA1736,16/07/2010,Cosa Nostra,On-going
1696,CA1737,22/05/2010,Cosa Nostra,Trial
1697,CA1738,20/09/2008,Cosa Nostra,On-going
1698,CA1739,15/01/2013,'Ndrangheta,Trial
1699,CA1740,28/03/2014,Camorra,Trial
1700,CA1741,15/09/2020,'Ndrangheta,On-going
1701,CA1742,18/06/2013,Camorra,On-going
1702,CA1743,01/12/2003,'Ndrangheta,On-going
1703,CA1744,10/07/2016,Cosa Nostra,On-going
1704,CA1745,10/08/2013,Cosa Nostra,Trial
1705,CA1746,11/12/2020,Camorra,Trial
1706,CA1747,22/01/2016,'Ndrangheta,On-going
1707,CA1748,22/08/2011,'Ndrangheta,On-going
1708,CA1749,25/05/2017,Camorra,On-going
1709,CA1750,01/09/2017,Cosa Nostra,On-going
1710,CA1751,07/01/2008,Cosa Nostra,On-going
1711,CA1752,02/08/2001,Cosa Nostra,On-going
1712,CA1753,07/06/2021,'Ndrangheta,On-going
1713,CA1754,24/11/2009,'Ndrangheta,Trial
1714,CA1755,03/01/2014,Sacra Corona Unita,On-going
1715,CA1756,21/03/2010,Cosa Nostra,Trial
1716,CA1757,30/12/2003,Camorra,On-going
1717,CA1758,22/10/2003,'Ndrangheta,On-going
1718,CA1759,02/06/2009,Sacra Corona Unita,On-going
1719,CA1760,22/12/2007,Camorra,Trial
1720,CA1761,14/08/2003,Sacra Corona Unita,On-going
1721,CA1762,14/12/2010,'Ndrangheta,On-going
1722,CA1763,27/01/2020,Cosa Nostra,On-going
1723,CA1764,04/06/2003,'Ndrangheta,On-going
1724,CA1765,28/05/2020,Cosa Nostra,On-going
1725,CA1766,11/07/2005,Camorra,Trial
1726,CA1767,08/08/2016,'Ndrangheta,On-going
1727,CA1768,01/06/2011,'Ndrangheta,On-going
1728,CA1769,24/02/2010,Cosa Nostra,On-going
1729,CA1770,01/12/2015,Cosa Nostra,On-going
1730,CA1771,28/01/2009,Cosa Nostra,On-going
1731,CA1772,24/10/2020,'Ndrangheta,On-going
1732,CA1774,26/02/2002,'Ndrangheta,On-going
1733,CA1775,01/04/2006,Cosa Nostra,On-going
1734,CA1776,27/10/2001,'Ndrangheta,On-going
1735,CA1777,02/02/2018,Sacra Corona Unita,Trial
1736,CA1778,20/07/2009,'Ndrangheta,On-going
1737,CA1779,06/03/2006,Cosa Nostra,On-going
1738,CA1780,13/03/2006,'Ndrangheta,Trial
1739,CA1781,25/08/2012,Camorra,On-going
1740,CA1782,23/01/2010,'Ndrangheta,On-going
1741,CA1783,05/05/2013,Camorra,On-going
1742,CA1784,08/06/2010,Camorra,On-going
1743,CA1785,25/09/2006,Camorra,On-going
1744,CA1786,20/08/2009,'Ndrangheta,Trial
1745,CA1787,17/02/2011,'Ndrangheta,On-going
1746,CA1788,26/10/2001,Cosa Nostra,Trial
1747,CA1789,21/10/2015,Cosa Nostra,On-going
1748,CA1790,12/02/2013,Cosa Nostra,Trial
1749,CA1791,20/07/2011,Camorra,On-going
1750,CA1792,12/09/2015,'Ndrangheta,On-going
1751,CA1793,31/07/2014,Cosa Nostra,On-going
1752,CA1794,27/11/2019,'Ndrangheta,On-going
1753,CA1795,17/11/2010,Camorra,On-going
1754,CA1796,14/05/2006,Sacra Corona Unita,On-going
1755,CA1797,21/11/2015,'Ndrangheta,On-going
1756,CA1798,14/02/2012,Cosa Nostra,On-going
1757,CA1799,04/07/2004,Camorra,On-going
1758,CA1800,23/03/2000,Camorra,On-going
1759,CA1801,17/02/2007,'Ndrangheta,On-going
1760,CA1802,24/10/2008,'Ndrangheta,On-going
1761,CA1803,01/05/2010,Cosa Nostra,On-going
1762,CA1804,23/01/2013,Cosa Nostra,On-going
1763,CA1805,23/03/2013,Cosa Nostra,On-going
1764,CA1806,14/07/2000,Camorra,On-going
1765,CA1807,30/04/2010,'Ndrangheta,On-going
1766,CA1808,30/08/2001,Cosa Nostra,On-going
1767,CA1809,27/11/2014,'Ndrangheta,On-going
1768,CA1810,30/10/2014,Camorra,On-going
1769,CA1811,21/05/2009,Cosa Nostra,On-going
1770,CA1812,12/02/2005,Cosa Nostra,On-going
1771,CA1813,18/08/2010,Sacra Corona Unita,On-going
1772,CA1814,04/06/2017,'Ndrangheta,On-going
1773,CA1815,12/12/2010,'Ndrangheta,On-going
1774,CA1816,21/04/2016,Cosa Nostra,Trial
1775,CA1817,24/09/2005,Sacra Corona Unita,On-going
1776,CA1818,02/01/2022,Sacra Corona Unita,On-going
1777,CA1819,01/05/2004,Sacra Corona Unita,On-going
1778,CA1820,15/02/2008,'Ndrangheta,On-going
1779,CA1821,26/10/2002,Cosa Nostra,On-going
1780,CA1822,04/07/2002,Cosa Nostra,On-going
1781,CA1823,16/08/2010,Sacra Corona Unita,On-going
1782,CA1824,18/02/2017,'Ndrangheta,On-going
1783,CA1825,07/02/2009,Sacra Corona Unita,On-going
1784,CA1826,06/11/2018,Cosa Nostra,Trial
1785,CA1827,19/09/2017,Cosa Nostra,On-going
1786,CA1828,07/02/2014,Camorra,On-going
1787,CA1829,01/10/2002,'Ndrangheta,On-going
1788,CA1830,05/11/2007,Cosa Nostra,On-going
1789,CA1831,08/07/2009,'Ndrangheta,On-going
1790,CA1832,13/02/2021,Sacra Corona Unita,On-going
1791,CA1833,22/05/2004,'Ndrangheta,On-going
1792,CA1834,21/01/2021,Sacra Corona Unita,On-going
1793,CA1835,20/08/2008,Camorra,On-going
1794,CA1836,24/08/2013,'Ndrangheta,On-going
1795,CA1837,06/01/2014,Sacra Corona Unita,On-going
1796,CA1838,26/08/2013,Camorra,On-going
1797,CA1839,28/08/2017,'Ndrangheta,On-going
1798,CA1840,07/05/2010,'Ndrangheta,On-going
1799,CA1841,03/01/2005,'Ndrangheta,On-going
1800,CA1842,26/06/2009,Cosa Nostra,On-going
1801,CA1843,31/12/2011,Sacra Corona Unita,On-going
1802,CA1844,06/09/2007,'Ndrangheta,On-going
1803,CA1845,20/02/2011,Cosa Nostra,On-going
1804,CA1846,28/02/2008,Cosa Nostra,On-going
1805,CA1847,21/11/2011,Camorra,On-going
1806,CA1848,30/11/2002,'Ndrangheta,On-going
1807,CA1849,31/05/2006,Sacra Corona Unita,On-going
1808,CA1850,19/04/2010,Camorra,On-going
1809,CA1851,06/08/2007,Camorra,On-going
1810,CA1852,11/07/2011,Cosa Nostra,On-going
1811,CA1853,09/08/2013,Sacra Corona Unita,On-going
1812,CA1854,21/07/2011,Cosa Nostra,On-going
1813,CA1855,07/03/2007,Cosa Nostra,Trial
1814,CA1856,19/12/2003,'Ndrangheta,Trial
1815,CA1857,16/04/2020,Cosa Nostra,Trial
1816,CA1858,16/09/2013,'Ndrangheta,On-going
1817,CA1859,01/01/2012,'Ndrangheta,On-going
1818,CA1860,21/08/2009,'Ndrangheta,On-going
1819,CA1861,27/06/2001,Sacra Corona Unita,On-going
1820,CA1862,09/07/2012,Cosa Nostra,Trial
1821,CA1863,04/10/2016,'Ndrangheta,On-going
1822,CA1864,25/09/2005,Cosa Nostra,Trial
1823,CA1865,03/01/2011,'Ndrangheta,Trial
1824,CA1866,30/11/2015,Sacra Corona Unita,On-going
1825,CA1867,14/06/2005,Cosa Nostra,On-going
1826,CA1868,24/11/2020,'Ndrangheta,On-going
1827,CA1869,27/10/2010,Cosa Nostra,On-going
1828,CA1870,07/11/2010,Camorra,Trial
1829,CA1871,23/02/2011,'Ndrangheta,On-going
1830,CA1872,27/04/2002,Cosa Nostra,On-going
1831,CA1873,22/08/2007,Cosa Nostra,On-going
1832,CA1874,14/02/2013,Camorra,Trial
1833,CA1875,16/10/2014,'Ndrangheta,On-going
1834,CA1876,13/08/2015,'Ndrangheta,On-going
1835,CA1877,10/05/2005,Camorra,On-going
1836,CA1878,08/07/2010,'Ndrangheta,Trial
1837,CA1879,27/10/2005,Sacra Corona Unita,On-going
1838,CA1880,12/09/2009,Sacra Corona Unita,On-going
1839,CA1881,05/02/2010,Cosa Nostra,Trial
1840,CA1882,30/06/2011,Cosa Nostra,On-going
1841,CA1883,22/06/2013,Sacra Corona Unita,On-going
1842,CA1884,10/11/2009,Cosa Nostra,On-going
1843,CA1885,22/10/2009,Sacra Corona Unita,On-going
1844,CA1886,24/11/2016,'Ndrangheta,On-going
1845,CA1887,29/06/2015,Cosa Nostra,On-going
1846,CA1888,26/01/2013,Sacra Corona Unita,On-going
1847,CA1889,25/07/2016,'Ndrangheta,Trial
1848,CA1890,09/01/2015,Camorra,On-going
1849,CA1891,08/07/2013,Camorra,On-going
1850,CA1892,19/07/2006,Cosa Nostra,On-going
1851,CA1893,15/10/2011,Cosa Nostra,On-going
1852,CA1894,26/09/2010,Cosa Nostra,On-going
1853,CA1895,11/07/2007,'Ndrangheta,On-going
1854,CA1896,20/02/2008,'Ndrangheta,On-going
1855,CA1897,20/02/2011,Cosa Nostra,On-going
1856,CA1898,28/07/2016,Cosa Nostra,On-going
1857,CA1899,24/11/2010,'Ndrangheta,On-going
1858,CA1900,30/03/2020,Cosa Nostra,On-going
1859,CA1901,10/11/2007,Cosa Nostra,On-going
1860,CA1902,30/08/2020,Cosa Nostra,On-going
1861,CA1903,10/08/2000,Cosa Nostra,On-going
1862,CA1904,23/11/2005,Cosa Nostra,On-going
1863,CA1905,01/12/2010,'Ndrangheta,Trial
1864,CA1906,13/11/2010,'Ndrangheta,On-going
1865,CA1907,01/11/2009,Camorra,On-going
1866,CA1908,09/04/2013,Camorra,On-going
1867,CA1909,24/07/2010,Camorra,On-going
1868,CA1910,06/03/2019,'Ndrangheta,On-going
1869,CA1911,17/10/2016,'Ndrangheta,On-going
1870,CA1912,27/06/2001,Cosa Nostra,On-going
1871,CA1913,11/06/2020,Camorra,On-going
1872,CA1914,21/09/2018,'Ndrangheta,On-going
1873,CA1915,31/03/2007,Cosa Nostra,On-going
1874,CA1916,19/05/2001,'Ndrangheta,On-going
1875,CA1917,10/05/2003,Cosa Nostra,On-going
1876,CA1918,26/05/2009,'Ndrangheta,On-going
1877,CA1919,31/08/2008,Camorra,On-going
1878,CA1920,11/10/2008,'Ndrangheta,On-going
1879,CA1921,08/03/2012,Camorra,On-going
1880,CA1922,26/09/2006,Cosa Nostra,On-going
1881,CA1923,29/12/2017,Cosa Nostra,On-going
1882,CA1924,07/10/2009,Camorra,Trial
1883,CA1925,22/03/2015,'Ndrangheta,On-going
1884,CA1926,17/11/2003,'Ndrangheta,On-going
1885,CA1927,04/09/2007,Cosa Nostra,On-going
1886,CA1928,26/10/2005,'Ndrangheta,On-going
1887,CA1929,16/02/2015,'Ndrangheta,On-going
1888,CA1930,04/04/2013,'Ndrangheta,Trial
1889,CA1931,28/04/2012,Cosa Nostra,On-going
1890,CA1932,19/07/2013,Cosa Nostra,On-going
1891,CA1933,02/04/2014,Camorra,On-going
1892,CA1934,16/03/2017,'Ndrangheta,On-going
1893,CA1935,26/03/2013,Sacra Corona Unita,On-going
1894,CA1936,23/09/2010,Sacra Corona Unita,On-going
1895,CA1937,27/02/2015,'Ndrangheta,On-going
1896,CA1938,14/03/2001,Cosa Nostra,Trial
1897,CA1939,20/06/2015,'Ndrangheta,On-going
1898,CA1940,02/10/2002,'Ndrangheta,Trial
1899,CA1941,05/04/2016,Cosa Nostra,On-going
1900,CA1942,21/08/2021,'Ndrangheta,On-going
1901,CA1943,26/11/2005,Camorra,On-going
1902,CA1944,29/04/2016,'Ndrangheta,Trial
1903,CA1945,28/12/2015,Camorra,On-going
1904,CA1946,05/07/2003,Sacra Corona Unita,On-going
1905,CA1947,19/11/2017,Camorra,On-going
1906,CA1948,19/04/2003,Cosa Nostra,Trial
1907,CA1949,17/05/2002,Sacra Corona Unita,On-going
1908,CA1950,25/08/2014,'Ndrangheta,On-going
1909,CA1951,25/06/2012,Cosa Nostra,On-going
1910,CA1952,23/08/2010,'Ndrangheta,On-going
1911,CA1953,17/01/2013,Camorra,On-going
1912,CA1954,29/03/2006,Cosa Nostra,On-going
1913,CA1955,20/02/2001,'Ndrangheta,On-going
1914,CA1956,31/08/2008,Cosa Nostra,On-going
1915,CA1957,23/11/2014,'Ndrangheta,On-going
1916,CA1958,27/04/2011,'Ndrangheta,Trial
1917,CA1959,11/05/2002,Cosa Nostra,On-going
1918,CA1960,01/05/2005,Cosa Nostra,On-going
1919,CA1961,03/03/2003,Cosa Nostra,On-going
1920,CA1962,05/05/2013,Sacra Corona Unita,On-going
1921,CA1963,20/04/2016,Camorra,On-going
1922,CA1964,16/02/2008,'Ndrangheta,On-going
1923,CA1965,19/08/2003,'Ndrangheta,Trial
1924,CA1966,28/01/2009,'Ndrangheta,On-going
1925,CA1967,29/08/2013,Camorra,On-going
1926,CA1968,12/07/2008,Cosa Nostra,On-going
1927,CA1969,08/02/2013,'Ndrangheta,On-going
1928,CA1970,09/05/2016,Cosa Nostra,Trial
1929,CA1971,26/10/2005,'Ndrangheta,Trial
1930,CA1972,21/09/2009,Camorra,On-going
1931,CA1973,27/10/2008,Camorra,Trial
1932,CA1974,09/07/2013,Sacra Corona Unita,On-going
1933,CA1975,04/09/2010,Sacra Corona Unita,On-going
1934,CA1976,11/12/2005,'Ndrangheta,On-going
1935,CA1977,24/04/2010,Cosa Nostra,Trial
1936,CA1978,20/09/2005,Camorra,On-going
1937,CA1979,04/07/2009,Sacra Corona Unita,On-going
1938,CA1980,16/03/2010,Camorra,On-going
1939,CA1981,06/02/2009,Cosa Nostra,On-going
1940,CA1982,14/09/2021,'Ndrangheta,On-going
1941,CA1983,23/10/2008,Camorra,On-going
1942,CA1984,11/11/2019,'Ndrangheta,On-going
1943,CA1985,15/12/2010,'Ndrangheta,On-going
1944,CA1986,26/09/2009,Camorra,On-going
1945,CA1987,21/09/2001,Cosa Nostra,Trial
1946,CA1988,16/02/2016,Sacra Corona Unita,On-going
1947,CA1989,13/06/2007,Cosa Nostra,On-going
1948,CA1990,13/06/2010,Cosa Nostra,On-going
1949,CA1991,27/08/2010,Sacra Corona Unita,On-going
1950,CA1992,06/04/2000,Sacra Corona Unita,On-going
1951,CA1993,31/03/2011,'Ndrangheta,On-going
1952,CA1994,26/02/2004,Camorra,On-going
1953,CA1995,13/11/2012,'Ndrangheta,Trial
1954,CA1996,11/04/2010,Cosa Nostra,On-going
1955,CA1997,11/12/2001,Camorra,On-going
1956,CA1998,15/10/2004,Cosa Nostra,Trial
1957,CA1999,12/02/2007,'Ndrangheta,Trial
